status,business_name,email,email_status,website,website_match,owner_name,address,city,state,zip,funder_or_agent,mca_evidence,filing_date,state_filed,file_id,other_names,email_source,excluded_reason,source
Stacked,"AGC VENTURES, LLC",info@facerockcreamery.com,mx ok,http://facerockcreamery.com/,overture,,2778 COLONY CIRCLE,Bandon,OR,97411,"C T CORPORATION SYSTEM, AS REPRESENTATIVE",filing agent only (possible MCA),2026-09-09,OR,94591469,CAGE DEVELOPMENT LLC; ROCK FACE LLC,Overture Maps places data,,OR SOS UCC
Stacked,"SAI DUTT, LLC",reservations@innatwecoma.com,mx ok,http://www.innatwecoma.com/,overture,,2945 NW HIGHWAY 101,Lincoln City,OR,97367,"CORPORATION SERVICE COMPANY, AS REPRESENTATIVE",filing agent only (possible MCA),2026-09-30,OR,94609702,INN AT WECOMA,Overture Maps places data,,OR SOS UCC
Stacked,TRI COUNTY CLIMATE CONTROL LLC,unsubscribe@mg.stratam.app,mx ok,https://tricountyclimate.com/,overture,,132 NE FRANKLIN AVE,Bend,OR,97701,"CORPORATION SERVICE COMPANY, AS REPRESENTATIVE",filing agent only (possible MCA),2026-09-23,OR,94600372,,https://tricountyclimate.com/contact,,OR SOS UCC
Stacked,TRI COUNTY CLIMATE CONTROL LLC,unsubscribe@mg.stratam.app,mx ok,https://tricountyclimate.com/,overture,"SANCHEZ, BRADLEY A",132 NE FRANKLIN AVE,Bend,OR,97701,"CORPORATION SERVICE COMPANY, AS REPRESENTATIVE",filing agent only (possible MCA),2026-09-28,OR,94607579,,https://tricountyclimate.com/contact,,OR SOS UCC
Stacked,"AGC VENTURES, LLC",,,,,,2778 COLONY CIRCLE,Bandon,OR,97411,"C T CORPORATION SYSTEM, AS REPRESENTATIVE",filing agent only (possible MCA),2026-09-09,OR,94590933,,,,OR SOS UCC
Stacked,CARDOZA DAIRY LLC,,,,,,42067 HIGHWAY 226,Scio,OR,97374,"FUNDING METRICS, LLC",known MCA funder,2026-09-22,OR,94600074,,,,OR SOS UCC
Stacked,CARDOZA DAIRY LLC,,,,,,42067 OREGON 226,Scio,OR,97374,"CORPORATION SERVICE COMPANY, AS REPRESENTATIVE",filing agent only (possible MCA),2026-09-25,OR,94606194,,,,OR SOS UCC
Stacked,CENTRAL COAST DIESEL LLC,,,,,"VERDUN, ANDREW RILEY",901 N MERIDIAN ST,Newberg,TX,97132,"BITTY ADVANCE 2, LLC",known MCA funder,2026-09-14,OR,94594402,,,,OR SOS UCC
Stacked,CENTRAL COAST DIESEL LLC,,,,,,901 NORTH MERIDIAN STREET,Newberg,OR,97132,"CORPORATION SERVICE COMPANY, AS REPRESENTATIVE",filing agent only (possible MCA),2026-09-17,OR,94596604,,,,OR SOS UCC
Stacked,HC BAR EXCAVATION LLC,,,,,"HOUCK, JOSHUA DAVID",25032 ELK LANE,Bend,OR,97701,"C T CORPORATION SYSTEM, AS REPRESENTATIVE",filing agent only (possible MCA),2026-09-02,OR,94587225,,,,OR SOS UCC
Stacked,HC BAR EXCAVATION LLC,,,,,"HOUCK, JOSHUA DAVID",25032 ELK LANE,Bend,OR,97701,"C T CORPORATOIN SYSTEM, AS REPRESENTATIVE",filing agent only (possible MCA),2026-09-04,OR,94588953,,,,OR SOS UCC
Stacked,HC BAR EXCAVATION LLC,,,,,,25032 ELK LANE,Bend,OR,97701,"CORPORATION SERVICE COMPANY, AS REPRESENTATIVE",filing agent only (possible MCA),2026-09-15,OR,94595281,,,,OR SOS UCC
Stacked,INDUSTRIAL TREATMENT OF WATER LLC,,,,,"ITOU, GREG MASOUDI",3198 NE 12TH AVE,Hillsboro,OR,97124,"C T CORPORATION SYSTEM, AS REPRESENTATIVE",filing agent only (possible MCA),2026-09-11,OR,94593041,,,,OR SOS UCC
Stacked,INDUSTRIAL TREATMENT OF WATER LLC,,,,,,"10940 SW BARNES RD, SUITE 212",Portland,OR,97225,"CORPORATION SERVICE COMPANY, AS REPRESENTATIVE",filing agent only (possible MCA),2026-09-23,OR,94600505,,,,OR SOS UCC
Stacked,JCH2 ENTERPRISES LLC,,,,,James Hauschildt,18600 COUNTY RD 105,Ramah,CO,80832,"Bitty Advance 2, LLC",collateral says future receipts,2026-09-28,CO,2602354,,,,CO SOS UCC
Stacked,JCH2 Enterprises LLC,,,,,,18600 Co Rd 105,Ramah,CO,80832,"Corporation Service Company, As Representative",collateral says future receipts,2026-10-01,CO,2603931,,,,CO SOS UCC
Stacked,"NEW SUMMIT BEHAVIORAL THERAPY, LLC",,,,,,2222 MARTIN LUTHER KING JR BLVD,Eugene,OR,97401,"CORPORATION SERVICE COMPANY, AS REPRESENTATIVE",filing agent only (possible MCA),2026-09-17,OR,94596882,,,,OR SOS UCC
Stacked,"NEW SUMMIT BEHAVIORAL THERAPY, LLC",,,,,,2222 MARTIN LUTHER KING JR BLVD,Eugene,OR,97401,"CORPORATION SERVICE COMPANY, AS REPRESENTATIVE",filing agent only (possible MCA),2026-09-17,OR,94596899,,,,OR SOS UCC
Stacked,"PREMIER AIRCRAFT ENGINES, INC.",,,,,,1000 NW PERIMETER WAY,Troutdale,OR,97060,"FUNDING METRICS, LLC",known MCA funder,2026-09-22,OR,94599729,,,,OR SOS UCC
Stacked,"PREMIER AIRCRAFT ENGINES, INC.",,,,,,1000 NW PERIMETER WAY,Troutdale,OR,97060,"FUNDING METRICS, LLC",known MCA funder,2026-09-22,OR,94599938,,,,OR SOS UCC
Stacked,ROSLAND COFFEE HOUSE LLC,,,,,,16434 BURGESS RD,La Pine,OR,97739,"FUNDING METRICS, LLC",known MCA funder,2026-09-23,OR,94600581,,,,OR SOS UCC
Stacked,ROSLAND COFFEE HOUSE LLC,,,,,,16434 BURGESS RD,La Pine,OR,97739,"CORPORATION SERVICE COMPANY, AS REPRESENTATIVE",filing agent only (possible MCA),2026-09-25,OR,94606238,,,,OR SOS UCC
Stacked,"SAI DUTT, LLC",,,,,,2945 NW HIGHWAY 101,Lincoln City,OR,97367,"CORPORATION SERVICE COMPANY, AS REPRESENTATIVE",filing agent only (possible MCA),2026-09-30,OR,94609719,DAYS INN PORTLAND CENTRAL,,,OR SOS UCC
Lead,Altitude Hauling LLC,brandon@altitudehauling.com,mx ok,https://altitudehauling.com/,overture,,2923 E 123rd Ave,Thornton,CO,80241,"CORPORATION SERVICE COMPANY, AS REPRESENTATIVE",collateral says future receipts,2026-10-01,CO,2603739,,https://altitudehauling.com/,,CO SOS UCC
Lead,"ATK G5 GLOBAL, LLC           00",siamtherapeuticspa@gmail.com,mx ok,http://www.siam-therapeuticspa.com/,overture,ARRAK KATJIANO,147 BANK STREET SUITE 101,New London,CT,06320,"THE LCF GROUP, INC.",known MCA funder,2026-10-01,CT,0005412806,SIAM THERAPEUTIC & SPA; SIAM THERAPEUTIC & SPA LLC,Overture Maps places data,,CT SOTS UCC
Lead,BAD DOG BREWING COMPANY,info@baddogbrewingcompany.com,mx ok,http://www.bdbrewco.com/,overture,MATTHEW TKAC,117 WATER STREET,Torrington,CT,06790,"THE LCF GROUP, INC.",known MCA funder,2026-09-29,CT,0005412231,BAD DOG BREWING COMPANY LLC,Overture Maps places data,,CT SOTS UCC
Lead,BRUMELL'S CYCLING & FITNESS,brumells.llc@att.net,mx ok,http://Brumellscycling.com/,overture,RANDY BRUMELL,21 BURLINGTON ROAD,Harwinton,CT,06791,"THE LCF GROUP, INC.",known MCA funder,2026-10-02,CT,0005413031,"A.D.B. MANAGEMENT, LLC; BC & FC, LLC AKA BC & F LLC; RANDOPH SCOTT MANAGEMENT CORP",Overture Maps places data,,CT SOTS UCC
Lead,EDIBLE ARRANGEMENTS,co428@dofruit.com,mx ok,http://www.ediblearrangements.com/,overture,Robert Lang,100 E 120th Ave G130,Denver,CO,80233,"Corporation Service Company, as Representative",collateral says future receipts,2026-09-30,CO,2603417,"FAITHFUL FRANCHISED BRANDS, INC",Overture Maps places data,,CO SOS UCC
Lead,Elite Dental Group Canon City Inc,canoncity@snapfitness.com,mx ok,https://www.snapfitness.com/us/gyms/canon-city-co,overture,,1215 N 15Th St,Canon City,CO,81212,"Corporation Service Company, As Representative",collateral says future receipts,2026-09-30,CO,2603289,,Overture Maps places data,,CO SOS UCC
Lead,GOLDEN RAMEN LLC,nosuramen@gmail.com,mx ok,https://www.nosuramen.com/,overture,Brandon Bortles,801 12th Street,Golden,CO,80401,"C T Corporation System, as representative",collateral says future receipts,2026-10-01,CO,2603761,NOSU RAMEN,Overture Maps places data,,CO SOS UCC
Lead,Home Renovation Tampa Bay LLC,jiri@homerenovationtampabay.com,mx ok,http://homerenovationtampabay.com/,overture,,10706 Owens Street,Westminster,CO,80021,"Corporation Service Company, As Representative",collateral says future receipts,2026-10-02,CO,2604273,,Overture Maps places data,,CO SOS UCC
Lead,KIMBERLY'S CAULDRON LLC,kimberlys.cauldron.llc@gmail.com,mx ok,https://www.doordash.com/store/25060160?utm_source=mx_share_android,overture,"GIBSON, KIMBERLY",1810 CASCADE AVENUE,Hood River,OR,97031,"THE LCF GROUP, INC.",known MCA funder,2026-09-18,OR,94597825,"THE CAULDRON CAFE; KIMBERLY'S CAULDRON, LLC; THE CAULDRON CAFE LLC",Overture Maps places data,,OR SOS UCC
Lead,LOVING CARE ADULT FOSTER HOME LLC,danielle.wilde957@gmail.com,mx ok,http://www.daniellesadultcare.com,overture,,7621 SE 112TH AVE,Portland,OR,97266,"FUNDING METRICS, LLC",known MCA funder,2026-09-15,OR,94595236,,Overture Maps places data,,OR SOS UCC
Lead,"Lucky 7 Ranch, LLC",horses@lucky7company.com,mx ok,http://www.lucky7company.com/,overture,,232 Country Road 325,Ignacio,CO,81137,"C T Corporation System, as representative",collateral says future receipts,2026-09-28,CO,2602285,Lucky 7 Ranch,Overture Maps places data,,CO SOS UCC
Lead,SMOKIN JAYS LLC,smokinjaysvapes@gmail.com,mx ok,,,,202-212 N REDWOOD HWY,Cave Junction,OR,97523,CFG MERCHANT SOLUTIONS LLC,known MCA funder,2026-09-24,OR,94602649,,Overture Maps places data,,OR SOS UCC
Lead,SOM TUM THAI KITCHEN LLC,somtumthaikitchen@gmail.com,mx ok,https://www.somtumthaikitchen.com/,overture,,1924 SW BROADWAY STE A,Portland,OR,97201,"PARAFIN INC; PARAFIN SPV 2, LLC",known MCA funder,2026-09-15,OR,94594926,,Overture Maps places data,,OR SOS UCC
Lead,THE HAMMERED HIDEOUT INC,support@hammeredhideout.com,mx ok,http://hammeredhideout.com/,overture,,3435 WASHBURN WAY,Klamath,OR,97603,CFG MERCHANT SOLUTIONS LLC,known MCA funder,2026-09-09,OR,94590173,,Overture Maps places data,,OR SOS UCC
Lead,UNIQUE NAILS & SPA INC,uniquenailsco@gmail.com,mx ok,https://uniquenailsbroomfield.com/,overture,Thanh tam thi Ngo; Quoc h Pham,300 NICKEL ST UNIT 13,Broomfield,CO,80020,"FIRST CORPORATE SOLUTIONS, AS REPRESENTATIVE",collateral says future receipts,2026-09-25,CO,2601481,UNIQUE NAILS & SPA,Overture Maps places data,,CO SOS UCC
Lead,"ABLE MADE PBC, INC",,,,,,"35 Ringgold Street,, #202",West Hartford,CT,06119,"FUNDING METRICS, LLC",known MCA funder,2026-09-29,CT,0005412225,ABLE MADE,,,CT SOTS UCC
Lead,"Advanced Insulation Solutions, LLC",,,,,,7120 East 121st Place,Thornton,CO,80602,"Corporation Service Company, As Representative",collateral says future receipts,2026-09-28,CO,2602126,,,,CO SOS UCC
Lead,"Aether Energy, Inc",,,,,,7883 Red Fox Drive,Evergreen,CO,80439,"Corporation Service Company, As Representative",collateral says future receipts,2026-09-30,CO,2603327,,,,CO SOS UCC
Lead,Brothers Landscaping&Construction LLC,,,,,Juan Rinco-ahjuech,4380 S MONACO ST UNIT 3008,Denver,CO,80237,PREFERRED CAPITAL MANAGEMENT LLC,collateral says future receipts,2026-09-25,CO,2601507,,,,CO SOS UCC
Lead,BUD'S PLUMBING AND HANDYMAN SERVICE DBA BUD'S PLUMBING,,,,,Donald bud Pierce,1306 36TH ST SW,Loveland,CO,80537,"FIRST CORPORATE SOLUTIONS, AS REPRESENTATIVE",collateral says future receipts,2026-09-25,CO,2601468,BUD'S PLUMBING AND HANDYMAN SERVICE LLC,,,CO SOS UCC
Lead,"Busby Properties, L.P.",,,,,,54 Cresta Rd #G-4,Edwards,CO,81632,"Corporation Service Company, As Representative",collateral says future receipts,2026-09-28,CO,2602333,,,,CO SOS UCC
Lead,C & H RESTORATION LLC,,,https://cnhrestoration.com/,overture,,49 Eddy St,New Haven,CT,06519,"Parafin Inc; Parafin SPV 2, LLC",known MCA funder,2026-09-25,CT,0005411299,,,,CT SOTS UCC
Lead,"CENTER TABLE RESTAURANT GROUP, LLC",,,,,,1700 DOGWOOD STREET,Louisville,CO,80027,"Corporation Service Company, as Representative",collateral says future receipts,2026-09-25,CO,2601585,,,,CO SOS UCC
Lead,Concept 30 Inc,,,,,,691 Doris Drive,Breckenridge,CO,80424,"Corporation Service Company, as Representative",collateral says future receipts,2026-09-25,CO,2601496,,,,CO SOS UCC
Lead,"CPR HOLDINGS, LLC",,,,,,7442 S. Tucson Way Ste 170,Centennial,CO,80112,"MicroAdvance Funding, LLC",collateral says future receipts,2026-09-29,CO,2602629,SYNOVO DOCUMENT SOLUTIONS,,,CO SOS UCC
Lead,DRAGON STEAM CLEANER,,,,,"MANZO AYALA, PEDRO",9 NE 75TH AVE,Portland,OR,97213,"FUNDING METRICS, LLC",known MCA funder,2026-09-22,OR,94599969,,,,OR SOS UCC
Lead,GLOBAL F&I SOLUTIONS LLC,,,,,,14 Brownleigh Rd,West Hartford,CT,06117,CFG MERCHANT SOLUTIONS LLC,known MCA funder,2026-09-30,CT,0005412405,,,,CT SOTS UCC
Lead,HALEY'S INCORPORATION LLC,,,,,,1448 MARKET STREET,Denver,CO,80202,"Corporation Service Company, as Representative",collateral says future receipts,2026-10-01,CO,2603957,,,,CO SOS UCC
Lead,HUY HOANG LLC1106 PONTIAC AVENUECRANSTON RI 02920,,,,,,,,,,"CORPORATION SERVICE COMPANY, AS REPRESENTATIVE",collateral says future receipts,2026-09-30,RI,202634793190,PHO SAIGON & BAR1106 PONTIAC AVENUECRANSTON RI 02920,,,RI DOS UCC
Lead,JIMMIES HEATING AND AIR LLC,,,,,,8436 E Girard Ave,Denver,CO,80231,"Corporation Service Company, as Representative",collateral says future receipts,2026-10-01,CO,2603628,,,,CO SOS UCC
Lead,JMCP Spa LLC,,,,,Christine Preonas,1345 New Beale St,Castle Rock,CO,80108,"Corporation Service Company, As Representative",collateral says future receipts,2026-10-01,CO,2603970,,,,CO SOS UCC
Lead,"Kaipran Services, LLC",,,,,,7350 E Progress Pl #100,Greenwood Village,CO,80111,"Corporation Service Company, As Representative",collateral says future receipts,2026-10-02,CO,2604208,,,,CO SOS UCC
Lead,"KION SOLUTIONS, LLC",,,,,,1068 PARKMEADOW DRIVE NORTHEAST,Keizer,OR,97303,CREDIBLY OF ARIZONA LLC,known MCA funder,2026-09-25,OR,94606132,,,,OR SOS UCC
Lead,"KNIGHT SECURITY, LLC",,,,,"RIEBEL, RONALD J",5260 FOREST GLEN CT SE,Salem,OR,97306,"THE LCF GROUP, INC.",known MCA funder,2026-09-15,OR,94595387,"CELTIC PROTECTIVE SERVICES; ORCAL SECURITY CONSULTING LLC; PROJECT: GRO U, LLC; WHB INVESTMENTS, LLC; REBEL PIT MUSIC, LLC",,,OR SOS UCC
Lead,LA CATRINA MEXICAN RESTAURANT LLC,,,,,,"3905 IRELAND CT, DENVER, CO 80249",Denver,CO,80249,"CORPORATION SERVICE COMPANY, AS REPRESENTATIVE",collateral says future receipts,2026-09-25,CO,2601890,EL MUCHACHO ALEGRE; AZTECA DISTRIBUTOR LLC; EL AZTECA MEXICAN FOOD LLC,,,CO SOS UCC
Lead,LA SONRISA CAFETERIA RESTAURANT LLC320 BROAD STPROVIDENCE RI 02907,,,,,,,,,,"CORPORATION SERVICE COMPANY, AS REPRESENTATIVE",collateral says future receipts,2026-10-01,RI,202634798320,,,,RI DOS UCC
Lead,"Learnology, Inc.",,,,,,4020 LEE VANCE VIEW,Colorado Springs,CO,80918,"Corporation Service Company, as Representative",collateral says future receipts,2026-09-29,CO,2602462,,,,CO SOS UCC
Lead,"LIVI'S TAQUERIA, LLC",,,https://livistaqueria.com,overture,,11654 SW PACIFIC HWY UNIT 6,Portland,OR,97223,"PARAFIN INC; PARAFIN SPV 2, LLC",known MCA funder,2026-09-15,OR,94594957,,,,OR SOS UCC
Lead,MCGRATH'S FISH HOUSE,,,http://mcgrathsfishhouse.com/,overture,,3805 CENTER ST NE,Salem,OR,97301,"PARAFIN INC; PARAFIN SPV 2, LLC",known MCA funder,2026-09-02,OR,94586922,,,,OR SOS UCC
Lead,MERIDENWMAIN-NLH23,,,grassrootsicecream.com,overture,MARK SPROULE,4 PARK PLACE,Granby,CT,06035,"THE LCF GROUP, INC.",known MCA funder,2026-09-29,CT,0005412249,"ANDREW W NORTON; AVONWMAIN-NLH23; AVONWMAIN-NLH23, LLC; BROADSTREET-NLH23 OR MEINEKE CAR CARE; BROADSTREET-NLH23, LLC; GR CREAMERY WHOLESALE; GR CREAMERY WHOLESALE, LLC; GR4-SIMSBURY, LLC; GRANBY-GR1, LLC; GRANBY-GR1, LLC DBA GRASSROOTS ICE CREAM / GRASSROOTS CREAMERY; GRANBYPARKPLACE-NLH, LLC; GRASS ROOTS CREAMERY; GRASS ROOTS ICE CREAM; GRASSROOTS ICE CREAM AND DEEP ROOTS STREET FOOD; GRASSROOTS ICE CREAM AND STREET FOOD; GRASSROOTS ICE CREAM, LLC; GRASSROOTS KITCHEN & CREAMERY; GRASSROOTS-NLH, LLC; MEINEKE CAR CARE; MERIDENWMAIN-NLH23, LLC; NEW LANARK HOLDINGS; NEW LANARK HOLDINGS, LLC; NLH23, LLC; PLOOF HEATING & AIR; SILASDEANE-NLH23; SILASDEANE-NLH23, LLC; WOLCOTT-NLH23; WOLCOTT-NLH23, LLC",,,CT SOTS UCC
Lead,Michael Inghram Electronics,,,,,Michael Inghram,3058 Coal Mine Ave,Rifle,CO,81650,"FUNDING METRICS, LLC",collateral says future receipts,2026-09-29,CO,2602687,,,,CO SOS UCC
Lead,MM&I INDUSTRIES LLC,,,,,,916 Worthy Street,Windsor,CT,06095,CREDIBLY OF ARIZONA LLC,known MCA funder,2026-09-25,CT,0005411518,,,,CT SOTS UCC
Lead,MO FAMILY ENTERPRISE LLC,,,,,,75 Bryan Dr,Manchester,CT,06042,CFG MERCHANT SOLUTIONS LLC,known MCA funder,2026-09-28,CT,0005411813,,,,CT SOTS UCC
Lead,MOPT LLC,,,,,"DAVIDOW, MATTHEW ROBERT",17071 NE HOLLY HILL RD,Hillsboro,OR,97123,"BITTY ADVANCE 2, LLC",known MCA funder,2026-09-14,OR,94593914,,,,OR SOS UCC
Lead,MultiNational Services,,,,,Xochitlt Ramirez,1425 Florence St,Aurora,CO,80010,"Corporation Service Company, as Representative",collateral says future receipts,2026-09-30,CO,2603158,,,,CO SOS UCC
Lead,No Limit Transport LLC,,,,,,3103 Swan Point Dr,Evans,CO,80620,"Corporation Service Company, As Representative",collateral says future receipts,2026-09-30,CO,2603282,,,,CO SOS UCC
Lead,ONE THIRTY EIGHT INC.,,,,,,16761 NW MADRONE ST.,Portland,OR,97229,"FUNDING METRICS, LLC",known MCA funder,2026-09-15,OR,94595267,ATOM AGE INDUSTRIES,,,OR SOS UCC
Lead,"OUR FAMILY BUSINESS, LLC",,,,,,16147 SOUTHWEST RAILROAD STREET,Sherwood,OR,97140,CARDIFF (NY),known MCA funder,2026-09-01,OR,94585883,,,,OR SOS UCC
Lead,PEDRO  SOLER TAVERAS,,,,,,,158 Stanwood Stprovidence,RI,02907,FUNDO LLC,known MCA funder,2026-09-29,RI,202634785140,,,,RI DOS UCC
Lead,PRANEES LLC,,,,,,3995 COMMERCIAL STREET SOUTHEAST,Salem,OR,97302,"PARAFIN INC; PARAFIN SPV 2, LLC",known MCA funder,2026-09-24,OR,94601839,,,,OR SOS UCC
Lead,PROVENTUS LLC25 HAMILTON DREAST GREENWICH RI 02818,,,,,,,,,,"CORPORATION SERVICE COMPANY, AS REPRESENTATIVE",collateral says future receipts,2026-09-30,RI,202634794980,,,,RI DOS UCC
Lead,PUTRI AYU LLC,,,,,,655 SW KECK DR,Mcminnville,OR,97128,"PARAFIN INC; PARAFIN SPV 2, LLC",known MCA funder,2026-09-24,OR,94601764,,,,OR SOS UCC
Lead,REI HOLDINGS LLC,,,,,,177 W Putnam Avenue,Greenich,CT,06830,CFG MERCHANT SOLUTIONS LLC,known MCA funder,2026-10-01,CT,0005412832,,,,CT SOTS UCC
Lead,"ROCK AND ROLL CHILI PIT, INC.",,,,,,304 SW 2ND AVE,Portland,OR,97204,"PARAFIN INC; PARAFIN SPV 2, LLC",known MCA funder,2026-09-15,OR,94594940,,,,OR SOS UCC
Lead,RonSon Rolloffs LLC,,,,,,1638 10 Rd,Mack,CO,81525,"Corporation Service Company, As Representative",collateral says future receipts,2026-10-01,CO,2603925,,,,CO SOS UCC
Lead,SAGWAL LLC,,,,,"KUMAR, RAJESH",107 SETHER AVE # 108,Glendale,OR,97442,"BITTY ADVANCE 2, LLC",known MCA funder,2026-09-14,OR,94593983,,,,OR SOS UCC
Lead,Shri Siddhivinayak Inc,,,,,,1116 13th Street,Boulder,CO,Bould,"Parafin Inc; Parafin SPV 2, LLC",collateral says future receipts,2026-09-29,CO,2602677,,,,CO SOS UCC
Lead,STONEWORKS LLC,,,,,,2317 GRAND PARK DRIVE,Grand Junction,CO,81505,Fratello Capital LLC,collateral says future receipts,2026-09-25,CO,2601856,,,,CO SOS UCC
Lead,T.E.A.M. CENTER,,,,,,4784 SE 17TH AVE,Portland,OR,97202,"FUNDING METRICS, LLC",known MCA funder,2026-09-15,OR,94595147,"T.E.A.M. EVENT CENTER, LLC",,,OR SOS UCC
Lead,THE UNDERDOG MENTALITY,,,,,"MONK, TYLER",4141 NORTH WILLIAMS AVENUE,Portland,OR,97217,"THE LCF GROUP, INC.",known MCA funder,2026-09-16,OR,94596104,THE UNDERDOG MENTALITY LLC,,,OR SOS UCC
Lead,TRANSFORMATIONS COUNSELING LLC,,,,,Darnella Archer,2821 SOUTH PARKER ROAD SUITE 429,Aurora,CO,80014,"Bitty Advance 2, LLC",collateral says future receipts,2026-09-25,CO,2601486,,,,CO SOS UCC
Lead,TRUE NORTH CIBO LLC,,,,,,8801 N LOMBARD ST,Portland,OR,97203,"PARAFIN INC; PARAFIN SPV 2, LLC",known MCA funder,2026-09-02,OR,94586864,,,,OR SOS UCC
Lead,"VENTUS INVESTMENTS, LLC",,,,,,9950 W TROPICANA AVE APT 3023,Las Vegas,NV,89147,FUNDO LLC,known MCA funder,2026-09-22,OR,94600125,,,,OR SOS UCC
Lead,"WINNING ISN'T EVERYTHING, LLC",,,,,"NORED, SONJA; KRABILL, TIMOTHY",352 SOUTHEAST 9TH AVENUE,Canby,OR,97013,"THE LCF GROUP, INC.",known MCA funder,2026-09-25,OR,94606598,KROBAR LLC; GOOD LIVING OUTLET OR TRASH & TREASURE VINTAGE OR TRASH AND TREASURE VINTAGE & THRIFT; GOOD LIVING OUTLET OR TRASH & TREASURE VINTAGE OR TRASH AND TREASURE VINTAGE & THRIFT DUPLICATE,,,OR SOS UCC
Lead,"Yorktown Business, LLC",,,,,,7855 York Street,Denver,CO,80229,Cardiff (NY),collateral says future receipts,2026-09-29,CO,2602809,,,,CO SOS UCC
Possible,"ANDREW W. BECK, F.A.",andrew.w.beck@ampf.com,mx ok,https://www.ameripriseadvisors.com/Andrew.W.Beck/,overture,,"777 NORTHEAST 2ND STREET, SUITE G",Corvallis,OR,97330,"C T CORPORATION SYSTEM, AS REPRESENTATIVE",filing agent only (possible MCA),2026-09-28,OR,94607637,,https://www.ameripriseadvisors.com/Andrew.W.Beck/,,OR SOS UCC
Possible,ATTMAD AUTO REPAIR & FABRICATION LLC,attmadautorepair@gmail.com,mx ok,http://attmadautorepair.com/,overture,"KROPF, RONALD EARL JR",206 NORTHEAST SEWARD AVENUE,Bend,OR,97701,"CORPORATION SERVICE COMPANY, AS REPRESENTATIVE",filing agent only (possible MCA),2026-09-25,OR,94606276,,Overture Maps places data,,OR SOS UCC
Possible,BC FLEET SERVICES LLC,cfr.fleet@gmail.com,mx ok,,,,36405 INDUSTRIAL WAY,Sandy,OR,97055,"CORPORATION SERVICE COMPANY, AS REPRESENTATIVE",filing agent only (possible MCA),2026-09-15,OR,94594868,,Overture Maps places data,,OR SOS UCC
Possible,"BIGML, INC",info@bigml.com,mx ok,https://bigml.com,overture,"MARTIN, FRANCISCO J",2851 NW 9TH ST STE D,Corvallis,OR,97330,C T CORPORATION SYSTEM,filing agent only (possible MCA),2026-09-03,OR,94588371,ACCUSHOOT INC,https://bigml.com/contact,,OR SOS UCC
Possible,BLUE COLLAR AUTOMOTIVE AND FABRICATION LLC,bluecollarauto@myyahoo.com,mx ok,,,,1941 NW INDUSTRIAL PARK RD,Prineville,OR,97754,"FIRST CORPORATE SOLUTIONS, AS REPRESENTATIVE",filing agent only (possible MCA),2026-09-09,OR,94591349,,Overture Maps places data,,OR SOS UCC
Possible,BOB GRANT CONSTRUCTION,info@bobgrantconstruction.com,mx ok,https://www.bobgrantconstruction.com,overture,,2696 SW 3RD ST,Corvallis,OR,97333,"FIRST CORPORATE SOLUTIONS, AS REPRESENTATIVE",filing agent only (possible MCA),2026-09-11,OR,94593003,"BOB GRANT CONSTRUCTION, INC.; AMERICAN INSTALLERS; DOOR & TRIM INSTALLERS; SLINGLUFF HOLDING; SLINGLUFF HOLDING LLC; DOOR & TRIM INSTALLERS, LLC",https://www.bobgrantconstruction.com/contact,,OR SOS UCC
Possible,C-BAR PDX,cbar97202@gmail.com,mx ok,http://www.cbarportland.com/,overture,,2886 SE GLADSTONE ST,Portland,OR,97202,"C T CORPORATION SYSTEM, AS REPRESENTATIVE",filing agent only (possible MCA),2026-09-30,OR,94609497,"CBAR PDX; KLICKMAN FOX, LLC",Overture Maps places data,,OR SOS UCC
Possible,"CASCADE BIKES, INC.",info@cascadebikes.com,mx ok,http://cascadebikes.com,overture,,4285 SW CEDAR HILLS BLVD,Beaverton,OR,97005,"C T CORPORATION SYSTEM, AS REPRESENTATIVE",filing agent only (possible MCA),2026-09-09,OR,94590560,,http://cascadebikes.com,,OR SOS UCC
Possible,CELLAR CAT,meow@cellarcat.com,mx ok,http://www.cellarcat.com,overture,"EVANS-WHITE, HOLLY",211 1ST AVE WEST SUITE 102,Albany,OR,97321,"CORPORATION SERVICE COMPANY, AS REPRESENTATIVE",filing agent only (possible MCA),2026-09-16,OR,94595870,,http://www.cellarcat.com,,OR SOS UCC
Possible,CENTER FOR NATURAL MEDICINE,jwatson@cnmwellness.com,mx ok,https://cnmwellness.com/,overture,,1330 SE CESAR ESTRADA CHAVEZ BLVD,Portland,OR,97214,"C T CORPORATION SYSTEM, AS REPRESENTATIVE",filing agent only (possible MCA),2026-09-23,OR,94601062,"CENTER FOR NATURAL MEDICINE IN; CENTER FOR NATURAL MEDICINE, INC.",Overture Maps places data,,OR SOS UCC
Possible,"CENTRAL OREGON TREE EXPERTS, LLC",office@cotreexperts.com,mx ok,https://cotreexperts.com/,overture,,61563 AMERICAN LOOP,Bend,OR,97702,"FIRST CORPORATE SOLUTIONS, AS REPRESENTATIVE",filing agent only (possible MCA),2026-09-16,OR,94596053,,https://cotreexperts.com/,,OR SOS UCC
Possible,CHESTER CABINET CO.,appointments@chestercabinets.com,mx ok,http://www.chestercabinets.com/,overture,,62910 BOYD ACRES ROAD #8,Bend,OR,97701,"C T CORPORATION SYSTEM, AS REPRESENTATIVE",filing agent only (possible MCA),2026-09-08,OR,94589612,,http://www.chestercabinets.com/,,OR SOS UCC
Possible,CITY AUTO SERVICE CENTER LLC,cityauto39@gmail.com,mx ok,https://www.cityautohermiston.com/,overture,,80857 US-395,Hermiston,OR,97838,"C T CORPORATION SYSTEM, AS REPRESENTATIVE",filing agent only (possible MCA),2026-09-29,OR,94608454,CITY AUTO SALES LLC,Overture Maps places data,,OR SOS UCC
Possible,DU'S GRILL INC,dusgrill@gmail.com,mx ok,http://www.dusgrill.com/,overture,,5365 NORTHEAST SANDY BOULEVARD,Portland,OR,97213,"CORPORATION SERVICE COMPANY, AS REPRESENTATIVE",filing agent only (possible MCA),2026-09-21,OR,94598313,,Overture Maps places data,,OR SOS UCC
Possible,"ELITE FOOT & ANKLE ASSOCIATES, LLC",frontoffice@elitefaor.com,mx ok,http://www.elitefaor.com/,overture,,39400 PIONEER BLVD STE 4,Sandy,OR,97055,"C T CORPORATION SYSTEM, AS REPRESENTATIVE",filing agent only (possible MCA),2026-09-25,OR,94606050,"ELITE FOOT & ANKLE ASSOCIATES, LLC; ELITE FOOT & ANKLE ASSOCIATES; ELITE FOOT & ANKLE ASSOCIATES",Overture Maps places data,,OR SOS UCC
Possible,"EUPHORIA BODY PIERCING & TATTOO, LLC",euphoria.clackamas@gmail.com,mx ok,http://euphoria-piercing-tattoo.com/,overture,,12000 SE 82ND AVE # D217,Happy Valley,OR,97086,"FIRST CORPORATE SOLUTIONS, AS REPRESENTATIVE",filing agent only (possible MCA),2026-09-04,OR,94588984,,Overture Maps places data,,OR SOS UCC
Possible,FENCE AND LUMBER LLC,info@fenceandlumber.com,mx ok,http://Fenceandlumber.com/,overture,,5560 QUINCE RD,Ontario,OR,97914,"C T CORPORATION SYSTEM, AS REPRESENTATIVE",filing agent only (possible MCA),2026-09-24,OR,94601973,,Overture Maps places data,,OR SOS UCC
Possible,HOMESTEAD CONCRETE AND CONSTRUCTION,bryantmccrae@gmail.com,mx ok,https://brand.site/HomesteadConcreteConstruction,overture,,1004 C AVE,Lagrande,OR,97850,"CORPORATION SERVICE COMPANY, AS REPRESENTATIVE",filing agent only (possible MCA),2026-09-15,OR,94595274,,Overture Maps places data,,OR SOS UCC
Possible,INTEGRITY FIRST AUTOMOTIVE INC,integrityautomotive@gmail.com,mx ok,http://www.integrityautolg.com/,overture,,10301 EAST 1ST STREET,La Grande,OR,97850,"CORPORATION SERVICE COMPANY, AS REPRESENTATIVE",filing agent only (possible MCA),2026-09-29,OR,94608625,,Overture Maps places data,,OR SOS UCC
Possible,"KA DESIGNS, LLC",showroom@kadesigns.net,mx ok,https://customcraftedcabinetsandfurniture.com/,overture,,1470 SE M ST UNIT 2E,Grants Pass,OR,97526,"CORPORATION SERVICE COMPANY, AS REPRESENTATIVE",filing agent only (possible MCA),2026-09-18,OR,94597445,,Overture Maps places data,,OR SOS UCC
Possible,KHUN THAI LLC,khunthaibrookings@gmail.com,mx ok,http://www.khun-thai.com,overture,,925 CHETCO AVE,Brookings,OR,97415,"CORPORATION SERVICE COMPANY, AS REPRESENTATIVE",filing agent only (possible MCA),2026-09-10,OR,94592286,KHUN THAI,Overture Maps places data,,OR SOS UCC
Possible,"LIMITLESS LIFESTYLES, LLC",nampa@tanrepublic.com,mx ok,https://www.tanrepublic.com/locations-idaho-nampa?location=tan-republic-nampa-idaho,overture,,359 CALDWELL BLVD,Nampa,ID,83651,"CORPORATION SERVICE COMPANY, AS REPRESENTATIVE",filing agent only (possible MCA),2026-09-09,OR,94590899,TAN REPUBLIC,Overture Maps places data,,OR SOS UCC
Possible,LITTLE RED BARN BREWERS LLC,beerman@lrbbrewers.com,mx ok,http://lrbbrewers.com,overture,,32 LAKE ST,Winsted,CT,06098,"FIRST CORPORATE SOLUTIONS, AS REPRESENTATIVE",filing agent only (possible MCA),2026-09-30,CT,0005412358,,Overture Maps places data,,CT SOTS UCC
Possible,"MADRAS MARINE, INC.",info@madrasmarine.com,mx ok,http://www.madrasmarine.com/,overture,"WALKER, JANET; WALKER, DAVID",1435 US 97,Madras,OR,97741,"CORPORATION SERVICE COMPANY, AS REPRESENTATIVE",filing agent only (possible MCA),2026-09-21,OR,94598426,,Overture Maps places data,,OR SOS UCC
Possible,"MIDSTATE SITE DEVELOPMENT, LLC",gkorner@msdct.com,mx ok,http://www.msdct.com,overture,,75 West Dudley Town Road,Bloomfield,CT,06002,"C T Corporation System, As Representative",filing agent only (possible MCA),2026-09-28,CT,0005411848,,Overture Maps places data,,CT SOTS UCC
Possible,"OCEAN CREST CHEVROLET GMC, INC",sales@oceancrestmotors.com,mx ok,http://www.oceancrestmotors.com/,overture,,855 ALTERNATE HWY 101,Warrenton,OR,97146,"C T CORPORATION SYSTEM, AS REPRESENTATIVE",filing agent only (possible MCA),2026-09-23,OR,94601315,,Overture Maps places data,,OR SOS UCC
Possible,PORTLAND TIRE & WHEEL WHOLESALE LLC,info@ptwwholesale.com,mx ok,http://www.ptwwholesale.com/,overture,,2500 N MARINE DR STE 100,Portland,OR,97217,"CORPORATION SERVICE COMPANY, AS REPRESENTATIVE",filing agent only (possible MCA),2026-09-11,OR,94592837,,Overture Maps places data,,OR SOS UCC
Possible,"SAARTHI, LLC",reservations@innatwecoma.com,mx ok,http://www.innatwecoma.com/,overture,,2945 NW HIGHWAY 101,Lincoln City,OR,97367,"CORPORATION SERVICE COMPANY, AS REPRESENTATIVE",filing agent only (possible MCA),2026-09-30,OR,94609675,INN AT WECOMA,Overture Maps places data,,OR SOS UCC
Possible,"SAFETY MANAGEMENT SYSTEMS, INC.",info@sms360.com,mx ok,https://sms360.com,overture,CHRISTIEN DUCKER,58 Newtown Avenue,Norwalk,CT,06851,"Corporation Service Company, as Representative",filing agent only (possible MCA),2026-09-25,CT,0005411353,,https://sms360.com/contact,,CT SOTS UCC
Possible,SHARP CUSTOM CUTTING INC,service@sharpcustomcutting.com,mx ok,http://sharpcustomcutting.net,overture,,2960 E ST,Hubbard,OR,97032,"CORPORATION SERVICE COMPANY, AS REPRESENTATIVE",filing agent only (possible MCA),2026-09-18,OR,94597476,,http://sharpcustomcutting.net,,OR SOS UCC
Possible,SKINBAR FACIAL SPA LLC,skinbarfacialspa@gmail.com,mx ok,http://skinbarfacialspa.com/,overture,,1864 NW BURNSIDE ROAD,Gresham,OR,97030,"TAH SERVICES, LLC, AS REPRESENTATIVE",filing agent only (possible MCA),2026-09-01,OR,94585636,,Overture Maps places data,,OR SOS UCC
Possible,SPECTRA GYMNASTICS LLC,info@spectrapdx.com,mx ok,https://spectrapdx.com,overture,,11959 SW GARDEN PL,Portland,OR,97223,"FIRST CORPORATE SOLUTIONS, AS REPRESENTATIVE",filing agent only (possible MCA),2026-09-23,OR,94600334,,https://spectrapdx.com,,OR SOS UCC
Possible,"SUNBEAM CENTER, INC.",admin@sunbeamcenter.com,mx ok,https://www.sunbeamaba.org/,overture,,274 WARNER MILNE RD,Oregon City,OR,97045,"C T CORPORATION SYSTEM, AS REPRESENTATIVE",filing agent only (possible MCA),2026-09-11,OR,94592940,,Overture Maps places data,,OR SOS UCC
Possible,TAN REPUBLIC NAMPA,nampa@tanrepublic.com,mx ok,https://www.tanrepublic.com/locations-idaho-nampa?location=tan-republic-nampa-idaho,overture,,359 CALDWELL BLVD,Nampa,ID,83651,"CORPORATION SERVICE COMPANY, AS REPRESENTATIVE",filing agent only (possible MCA),2026-09-09,OR,94590882,"LIMITLESS LIFESTYLES, LLC",Overture Maps places data,,OR SOS UCC
Possible,THOMPSON MALDONADO CONSTRUCTION,office@tmcconstruct.com,mx ok,https://thompsonmaldonadoc.wixsite.com/my-site,overture,,402 BEAVERCREEK UNIT 104,Oregon City,OR,97045,"CORPORATION SERVICE COMPANY, AS REPRESENTATIVE",filing agent only (possible MCA),2026-09-16,OR,94596060,,Overture Maps places data,,OR SOS UCC
Possible,"TIGARD BOWL, INC.",tigardbowl@gmail.com,mx ok,http://www.tigardbowl.com/,overture,,11660 SOUTHWEST PACIFIC HIGHWAY,Tigard,OR,97223,"VERITY LEGAL SERVICES, PLLC, AS REPRESENTATIVE",filing agent only (possible MCA),2026-09-02,OR,94587181,,Overture Maps places data,,OR SOS UCC
Possible,TIRE MONKEY INC,tiremonkeyusedtires@yahoo.com,mx ok,https://tire-monkey-or.hub.biz/,overture,,2664 NE STEPHENS ST,Roseburg,OR,97470,"FIRST CORPORATE SOLUTIONS, AS REPRESENTATIVE",filing agent only (possible MCA),2026-09-01,OR,94586124,,Overture Maps places data,,OR SOS UCC
Possible,TO THE CEILING ENTERTANMENT LLC,totheceilingentertainment@gmail.com,mx ok,http://totheceilingentertainment.com/,overture,,187 HIGH ST NE,Salem,OR,97301,"CORPORATION SERVICE COMPANY, AS REPRESENTATIVE",filing agent only (possible MCA),2026-09-22,OR,94599421,,Overture Maps places data,,OR SOS UCC
Possible,"VILLAGE GREENE GARDENS, LLC",villagegreenegardens@gmail.com,mx ok,http://villagegreene.net/,overture,,2392 Boston Post Rd,Guilford,CT,06437,"CORPORATION SERVICE COMPANY, AS REPRESENTATIVE",filing agent only (possible MCA),2026-10-01,CT,0005412850,,Overture Maps places data,,CT SOTS UCC
Possible,"WILLAMETTE VALLEY PROPERTIES, LLC",sandy@willamettevalleyins.com,mx ok,http://www.willamettevalleyins.com/,overture,"MOOERS, SANDY LYNN",403 N MAIN ST,Brownsville,OR,97327,"FIRST CORPORATE SOLUTIONS, AS REPRESENTATIVE",filing agent only (possible MCA),2026-09-10,OR,94591609,WILLAMETTE VALLEY INSURANCE SERVICES; WILLAMETTE VALLEY INSURANCE SERVICES LLC,Overture Maps places data,,OR SOS UCC
Possible,"XENELIS CONSTRUCTION CO, INC.",erin.xenelis@xenelis.com,mx ok,https://xenelisconstruction.com/#,overture,,30 Old Indian Trail,Middlefield,CT,06455,"C T Corporation System, As Representative",filing agent only (possible MCA),2026-10-02,CT,0005413019,,Overture Maps places data,,CT SOTS UCC
Possible,"YANKEE SALES & SERVICE, LLC",yankeessllc@gmail.com,mx ok,http://yankeesalesandservicellc.com/,overture,,240 Connecticut 171,Woodstock,CT,06281,"Corporation Service Company, as Representative",filing agent only (possible MCA),2026-09-29,CT,0005412171,,Overture Maps places data,,CT SOTS UCC
Possible,"19 ACRES BEVERAGE, LLC",,,,,,18055 SW SEIFFERT RD.,Sherwood,OR,97140,"FIRST CORPORATE SOLUTIONS, AS REPRESENTATIVE",filing agent only (possible MCA),2026-09-01,OR,94586302,,,,OR SOS UCC
Possible,3 COUNTRIES LLC,,,,,,14937 SE MORRISON CT,Portland,OR,97233,"C T CORPORATION SYSTEM, AS REPRESENTATIVE",filing agent only (possible MCA),2026-09-02,OR,94587150,,,,OR SOS UCC
Possible,3RD PERSON APPLIANCE,,,,,,456 GLENBROOK RD,Stamford,CT,06906,"FIRST CORPORATE SOLUTIONS, AS REPRESENTATIVE",filing agent only (possible MCA),2026-09-25,CT,0005411463,,,,CT SOTS UCC
Possible,52 LIMITED,,,,,,2840 NE EDGEHILL PLACE,Portland,OR,97212,"CORPORATION SERVICE COMPANY, AS REPRESENTATIVE",filing agent only (possible MCA),2026-09-10,OR,94591832,,,,OR SOS UCC
Possible,"ACE EARTHMOVING, LLC",,,,,,1324 N SCHOOLHOUSE CREEK RD,Grants Pass,OR,97526,"C T CORPORATION SYSTEM, AS REPRESENTATIVE",filing agent only (possible MCA),2026-09-18,OR,94597774,,,,OR SOS UCC
Possible,AERO INVESTMENT STRATEGIES LLC,,,,,,58144 OLD PORTLAND ROAD,Warren,OR,97053,"C T CORPORATION SYSTEM, AS REPRESENTATIVE",filing agent only (possible MCA),2026-09-18,OR,94597832,,,,OR SOS UCC
Possible,Ali Izzat LLC,,,,,Ali Izzat,32 Industrial Rd,Prospect,CT,06712,"CORPORATION SERVICE COMPANY, AS REPRESENTATIVE",filing agent only (possible MCA),2026-10-02,CT,0005413055,,,,CT SOTS UCC
Possible,ALPHA 9 CONSTRUCTION LLC,,,,,,1555 SOUTH 1ST STREET,Redmond,OR,97756,"C T CORPORATION SYSTEM, AS REPRESENTATIVE",filing agent only (possible MCA),2026-09-22,OR,94599654,,,,OR SOS UCC
Possible,"ANDERSON BROTHERS, INC.",,,fisherstark.com,overture,"ANDERSON, SARAH",9111 N VANCOUVER AVE,Portland,OR,97217,"CORPORATION SERVICE COMPANY, AS REPRESENTATIVE",filing agent only (possible MCA),2026-09-22,OR,94599685,,,,OR SOS UCC
Possible,ANN'S HUSKIES LLC,,,,,"HANSEN, ANN MARIE",3790 FISHER RD NE,Salem,OR,97305,"C T CORPORATION SYSTEM, AS REPRESENTATIVE",filing agent only (possible MCA),2026-09-09,OR,94590306,,,,OR SOS UCC
Possible,B. BROWN CONSTRUCTION INC.270 BURNT HILL RDHOPE RI 02831-1510,,,,,,,,,,"C T CORPORATION SYSTEM, AS REPRESENTATIVE",filing agent only (possible MCA),2026-10-02,RI,202634808830,,,,RI DOS UCC
Possible,"BAJA PIRATES FISHING FLEET, INC.",,,,,"PHILLIPS, LEONARD; ROBERT, DIANE",27400 EIGHTY ACRES RD,Gold Beach,OR,97444,"CORPORATION SERVICE COMPANY, AS REPRESENTATIVE",filing agent only (possible MCA),2026-09-17,OR,94596971,,,,OR SOS UCC
Possible,BATISTA'S LLC,,,,,,340 FRONT AVE # A,West Haven,CT,06516,"FIRST CORPORATE SOLUTIONS, AS REPRESENTATIVE",filing agent only (possible MCA),2026-10-02,CT,0005412898,,,,CT SOTS UCC
Possible,BEAUDREAUX CONTRACTING LLC,,,,,,555 SE M L KING BLVD UNIT 105,Portland,OR,97214,"CORPORATION SERVICE COMPANY, AS REPRESENTATIVE",filing agent only (possible MCA),2026-09-23,OR,94600896,,,,OR SOS UCC
Possible,BLACKLINE LOGISTICS NW LLC,,,,,,5416 ATHENS ST SE,Salem,OR,97306,"FIRST CORPORATE SOLUTIONS, AS REPRESENTATIVE",filing agent only (possible MCA),2026-09-17,OR,94596755,,,,OR SOS UCC
Possible,BLACKWELL SOLUTIONS LLC,,,,,,7529 GOLD RAY ROAD,Central Point,OR,97502,"CORPORATION SERVICE COMPANY, AS REPRESENTATIVE",filing agent only (possible MCA),2026-09-15,OR,94594813,,,,OR SOS UCC
Possible,BLUE BULL FREIGHT RUNNERS,,,,,"KEMP, TABARIN RAY; KEMP, TABARIN",2800 N LOMBARD ST UNIT 541,Portland,OR,97217,"C T CORPORATION SYSTEM, AS REPRESENTATIVE",filing agent only (possible MCA),2026-09-01,OR,94585763,BLUE BULL FREIGHT RUNNERS LLC; BLUE BULL FREIGHT RUNNERS LLC; BLUE BULL FREIGHT RUNNERS; BLUE BULL FREIGHT RUNNERS LLC; BLUE BULL FREIGHT RUNNERS; BLUE BULL FREIGHT RUNNERS; BLUE BULL FREIGHT RUNNERS LLC; BLUE BULL FREIGHT RUNNERS; BLUE BULL FREIGHT RUNNERS LLC; BLUE BULL FREIGHT RUNNERS LLC; BLUE BULL FREIGHT RUNNERS,,,OR SOS UCC
Possible,BLUE BULL FREIGHT RUNNERS LLC,,,,,,3513 SE 43RD AVE,Portland,OR,97206,"FIRST CORPORATE SOLUTIONS, AS REPRESENTATIVE",filing agent only (possible MCA),2026-09-08,OR,94589650,,,,OR SOS UCC
Possible,BYBEE WINE COMPANY,,,,,,4233 SE OAK ST,Portland,OR,97215,"C T CORPORATION SYSTEM, AS REPRESENTATIVE",filing agent only (possible MCA),2026-09-17,OR,94596591,BYBEE WINE COMPANY LLC; BYBEE WINE COMPANY; BYBEE WINE COMPANY LLC,,,OR SOS UCC
Possible,CARPE DIEM CAFE LIMITED LIABILITY CO.,,,,,,520 WEST AVE,Norwalk,CT,06854,"Corporation Service Company, as Representative",filing agent only (possible MCA),2026-09-29,CT,0005412011,,,,CT SOTS UCC
Possible,CASA DE CALDOS LLC,,,http://www.casamexicoidaho.com,overture,,954 NORTH PACIFIC HIGHWAY,Woodburn,OR,97071,"C T CORPORATION SYSTEM, AS REPRESENTATIVE",filing agent only (possible MCA),2026-09-08,OR,94589852,,,,OR SOS UCC
Possible,CASPIAN SEA LLC,,,,,,5772 SE 78TH AVE,Hillsboro,OR,97123,"C T CORPORATION SYSTEM, AS REPRESENTATIVE",filing agent only (possible MCA),2026-09-22,OR,94599541,,,,OR SOS UCC
Possible,CASTILLO FREIGHT SERVICE LLC,,,,,,325 MARCHE CHASE DR,Eugene,OR,97401,"FIRST CORPORATE SOLUTIONS, AS RERESENTATIVE",filing agent only (possible MCA),2026-09-22,OR,94600187,,,,OR SOS UCC
Possible,CC TRUCKING SERVICE LLC281 FARMINGTON AVECRANSTON RI 02920,,,,,,,,,,"FIRST CORPORATE SOLUTIONS, AS REPRESENTATIVE",filing agent only (possible MCA),2026-09-29,RI,202634785050,,,,RI DOS UCC
Possible,CEDARS AL JABAL TRADING CO. LLC,,,,,,319 FOOD TERMINAL PLAZA,New Haven,CT,06511,"Corporation Service Company, as Representative",filing agent only (possible MCA),2026-09-25,CT,0005411327,,,,CT SOTS UCC
Possible,CINCO DE MAYO LAPI,,,http://orders.cake.net/11291929,overture,"HOYT, KYLEI",51470 US-97,La Pine,OR,97739,"C T CORPORATION SYSTEM, AS REPRESENTATIVE",filing agent only (possible MCA),2026-09-24,OR,94602238,CINCO DE MAYO LA PINE; CINCO DE MAYO LOS PINOS LLC; CINCO DE MAYO LOS PINOS; CINCO DE MAYO MEXICAN RESTAURANT; CINCO DE MAYO MEXICAN RESTAURANT & LOUNGE; ALGO LEVE LLC; CINCO DE MAYO LOS PINOS LLC; CINCO DE MAYO MEXICAN RESTAURANT AND LOUNGE,,,OR SOS UCC
Possible,CINCO DE MAYO LOS PINOS LLC,,,http://www.cincodemayolapine.com,overture,,51470 US-97,La Pine,OR,97739,"C T CORPORATION SYSTEM, AS REPRESENTATIVE",filing agent only (possible MCA),2026-09-10,OR,94592375,,,,OR SOS UCC
Possible,"CINEMA TREASURES, LLC",,,,,,350 N THIRD AVE,Stayton,OR,97302,"VERITY LEGAL SERVICES, PLLC, AS REPRESENTATIVE",filing agent only (possible MCA),2026-09-17,OR,94596779,,,,OR SOS UCC
Possible,CMO LLC,,,,,,100 KERR PARKWAY UNIT 2,Lake Oswego,OR,97035,"CORPORATION SERVICE COMPANY, AS REPRESENTATIVE",filing agent only (possible MCA),2026-09-09,OR,94590786,,,,OR SOS UCC
Possible,CONSTRUCTION BY BRYAN PRATT,,,,,"PRATT, BRYAN",390 SE 117TH ST,South Beach,OR,97366,"CORPORATION SERVICE COMPANY, AS REPRESENTATIVE",filing agent only (possible MCA),2026-09-09,OR,94590313,,,,OR SOS UCC
Possible,COUNTRY STORE INC,,,smbarchitecture.com,overture,,1670 KINGS HWY,Medford,OR,97501,"CORPORATION SERVICE COMPANY, AS REPRESENTATIVE",filing agent only (possible MCA),2026-09-03,OR,94587650,,,,OR SOS UCC
Possible,CRISTOBALS DEVELOPMENT SOLUTIONS LLC,,,,,,4136 SE 102ND AVE,Portland,OR,97266,"FIRST CORPORATE SOLUTIONS, AS REPRESENTATIVE",filing agent only (possible MCA),2026-09-02,OR,94587201,,,,OR SOS UCC
Possible,CXC GLOBAL USA INC.,,,,,,"10260 SW GREENBURG ROAD, FLOOR 4",Portland,OR,97223,"FIRST CORPORATE SOLUTIONS, AS REPRESENTATIVE",filing agent only (possible MCA),2026-09-23,OR,94600485,CONSULTANTS EXCHANGE MANAGEMENT SERVICES INC.,,,OR SOS UCC
Possible,D&D L.L.C.,,,,,,1827 SUMMERS LN,Klamath Falls,OR,97603,"FIRST CORPORATE SOLUTIONS, AS REPRESENTATIVE",filing agent only (possible MCA),2026-09-08,OR,94589636,,,,OR SOS UCC
Possible,DANIELSON LOGISTICS LLC,,,,,"HABTE, DANIEL",4013 SE 112TH AVE,Portland,OR,97266,"MIDDESK, INC. AS REPRESENTATIVE",filing agent only (possible MCA),2026-09-18,OR,94598008,,,,OR SOS UCC
Possible,DAYS INN PORTLAND CENTRAL,,,,,,2945 NW HIGHWAY 101,Lincoln City,OR,97367,"CORPORATION SERVICE COMPANY, AS REPRESENTATIVE",filing agent only (possible MCA),2026-09-30,OR,94609699,"SAARTHI, LLC",,,OR SOS UCC
Possible,"DELTA LOGISTICS, INC.",,,http://www.deltalogisticswilsonville.com,overture,,9835 SW COMMERCE CIRCLE,Wilsonville,OR,97070,"C T CORPORATION SYSTEM, AS REPRESENTATIVE",filing agent only (possible MCA),2026-09-01,OR,94586100,,,,OR SOS UCC
Possible,DEVETH LLC,,,,,,670 NEWFIELD ST,Middletown,CT,06457,"Corporation Service Company, as Representative",filing agent only (possible MCA),2026-10-01,CT,0005412662,,,,CT SOTS UCC
Possible,DIESEL EXPRESS LLC,,,,,,16516 SE 82ND DR APT 302,Clackamas,OR,97015,"CORPORATION SERVICE COMPANY, AS REPRESENTATIVE",filing agent only (possible MCA),2026-09-08,OR,94589756,,,,OR SOS UCC
Possible,DILLON L MILARDO,,,,,,171 Greenwich Avenue,2,CT,06830,"C T Corporation System, as representative",filing agent only (possible MCA),2026-09-25,CT,0005411506,,,,CT SOTS UCC
Possible,DMS CT FITNESS 2 LLC,,,,,,1 ETHAN ALLEN HWY,Ridgefield,CT,06877,"C T Corporation System, as representative",filing agent only (possible MCA),2026-09-25,CT,0005411504,,,,CT SOTS UCC
Possible,DROGON CONSTRUCTION LLC,,,,,"LEWIS, MARTIN",45728 SANTIAM HIGHWAY,Foster,OR,97345,"CORPORATION SERVICE COMPANY, AS REPRESENTATIVE",filing agent only (possible MCA),2026-09-29,OR,94609106,,,,OR SOS UCC
Possible,DSP LIFELINE LLC,,,,,,61 N PLAINS INDUSTRIAL RD,Wallingford,CT,06492,"FIRST CORPORATE SOLUTIONS, AS REPRESENTATIVE",filing agent only (possible MCA),2026-10-02,CT,0005412876,,,,CT SOTS UCC
Possible,DT HOTSHOT LLC,,,,,"SCOTT, TIM",13903 SE DERINGER LOOP,Prineville,OR,97754,"MIDDESK, INC. AS REPRESENTATIVE",filing agent only (possible MCA),2026-09-15,OR,94595565,,,,OR SOS UCC
Possible,"DURANT'S, LLC",,,,,,1155 Route 9,Wappingers Falls,NY,12590,"C T Corporation System, As Representative",filing agent only (possible MCA),2026-09-25,CT,0005411347,,,,CT SOTS UCC
Possible,EFFICIENT FREIGHT SOLUTIONS LLC,,,,,"PRYMAK, ROMAN VIKTOROVYCH; PRYMAK, ANASTASIIA",12308 SE KELLY ST APT 3,Portland,OR,97236,"CORPORATION SERVICE COMPANY, AS REPRESENTATIVE",filing agent only (possible MCA),2026-09-15,OR,94595370,,,,OR SOS UCC
Possible,EL BOLI BY SOLY LLC1214 BROAD STPROVIDENCE RI 02905,,,,,,,,,,"CORPORATION SERVICE COMPANY, AS REPRESENTATIVE",filing agent only (possible MCA),2026-10-01,RI,202634796380,,,,RI DOS UCC
Possible,ELDERLY COMFORT LLC,,,,,,12705 SE LINCOLN ST,Portland,OR,97233,"C T CORPORATION SYSTEM, AS REPRESENTATIVE",filing agent only (possible MCA),2026-09-09,OR,94590779,,,,OR SOS UCC
Possible,FDS LLC,,,,,"MAFTEY, EMANUEL",1020 NE 155TH AVE,Portland,OR,97230,"FIRST CORPORATE SOLUTIONS, AS REPRESENTATIVE",filing agent only (possible MCA),2026-09-16,OR,94596159,,,,OR SOS UCC
Possible,FLORESXPRESS LLC,,,,,EMILIO FLORES MARQUEZ,28 PROSPECT STREET,Windham,CT,06226,"FIRST CORPORATE SOLUTIONS, AS REPRESENTATIVE",filing agent only (possible MCA),2026-09-25,CT,0005411403,,,,CT SOTS UCC
Possible,FLOW STATE TRUCKING LLC,,,,,"BROOKS, MARCUS JUWAN; BROOKS, MARCUS",PO BOX 270,Otis,OR,97368,"C T CORPORATION SYSTEM, AS REPRESENTATIVE",filing agent only (possible MCA),2026-09-24,OR,94601877,FLOW STATE TRUCKING; FLOW STATE TRUCKING LLC; FLOW STATE TRUCKING LLC; FLOW STATE TRUCKING; FLOW STATE TRUCKING; FLOW STATE TRUCKING LLC; FLOW STATE TRUCKING LLC; POWERHAUL TRUCKING LLC; FLOW STATE TRUCKING; FLOW STATE TRUCKING; FLOW STATE TRUCKING; POWERHAUL TRUCKING; FLOW STATE TRUCKING LLC,,,OR SOS UCC
Possible,FLYCAN LOGISTICS LLC,,,,,"HAJI MOHAMED, KAMAR S",3402 NE 127TH AVE,Portland,OR,97230,"CORPORATION SERVICE COMPANY, AS REPRESENTATIVE",filing agent only (possible MCA),2026-09-23,OR,94600790,,,,OR SOS UCC
Possible,"FOLIUM, INC.",,,,,,821 NW WALL ST,Bend,OR,97703,"CORPORATION SERVICE COMPANY, AS REPRESENTATIVE",filing agent only (possible MCA),2026-09-03,OR,94587629,,,,OR SOS UCC
Possible,FRAN CO LLC,,,,,,2818 NORTHEAST HALSEY STREET,Portland,OR,97232,"CORPORATION SERVICE COMPANY, AS REPRESENTATIVE",filing agent only (possible MCA),2026-09-01,OR,94585701,,,,OR SOS UCC
Possible,"G&D REFINERS, LLC",,,,,,20178 SW 112TH AVE,Tualatin,OR,97062,"C T CORPORATION SYSTEM, AS REPRESENTATIVE",filing agent only (possible MCA),2026-09-24,OR,94603682,,,,OR SOS UCC
Possible,G&J LOGISTICS LLC,,,,,,52 COSTANZO CT,Hamden,CT,06518,"FIRST CORPORATE SOLUTIONS, AS REPRESENTATIVE",filing agent only (possible MCA),2026-09-25,CT,0005411406,,,,CT SOTS UCC
Possible,GAMMA FREIGHT MANAGEMENT LLC,,,,,"MIRZAC, GHEORGHE",8730 SW VALE COURT,Wilsonville,OR,97070,"FIRST CORPORATE SOLUTIONS, AS REPRESENTATIVE",filing agent only (possible MCA),2026-09-01,OR,94586460,GAMMA FREIGHT MANAGEMENT LLC,,,OR SOS UCC
Possible,"GLENN S. PRESCOD, M.D., INC.333 SCHOOL ST STE 301PAWTUCKET RI 02860",,,,,,,,,,"C T CORPORATION SYSTEM, AS REPRESENTATIVE",filing agent only (possible MCA),2026-10-02,RI,202634806250,PRESCOD GLENN S MD333 SCHOOL ST STE 301PAWTUCKET RI 02860,,,RI DOS UCC
Possible,"GOLDEN GOOSE PROPERTY MANAGEMENT, INC",,,,,Leon Mitchell Goss,2 BAYONET STREET,Waterford,CT,06375,"C T Corporation System, as representative",filing agent only (possible MCA),2026-09-29,CT,0005412290,"AFFORDABLE LAWN AND PLOWING SERVICES, LLC; AFFORDABLE SERVICES GOSHEN RD.; AFFORDABLE SERVICES GOSHEN ROAD, LLC; GOLDEN GOOSE PROPERTY MANAGEMENT, INC.",,,CT SOTS UCC
Possible,GOLDEN HAWK TRANSPORT LLC,,,,,"REID, LISA; REID, JOSHUA",3437 NW ELM AVE,Redmond,OR,97756,"MIDDESK, INC. AS REPRESENTATIVE",filing agent only (possible MCA),2026-09-03,OR,94588357,,,,OR SOS UCC
Possible,"GONZALES BORING & TUNNELING CO., INC.",,,,,,32680 NW COTTAGE ST,North Plains,OR,97133,"C T CORPORATION SYSTEM, AS REPRESENTATIVE",filing agent only (possible MCA),2026-09-25,OR,94606601,,,,OR SOS UCC
Possible,"GREENHILLS ADULT FOSTER HOME, INC.",,,,,"ZAPATA, JOCELYN",13211 SE 128TH AVE,Clackamas,OR,97015,"FIRST CORPORATE SOLUTIONS, AS REPRESENTATIVE",filing agent only (possible MCA),2026-09-18,OR,94597452,,,,OR SOS UCC
Possible,GROVES CONSTRUCTION LLC,,,,,"GROVES, CHRISTOPHER",219 NORTHWEST RACHEL STREET,Hillsboro,OR,97124,"C T CORPORATION SYSTEM, AS REPRESENTATIVE",filing agent only (possible MCA),2026-09-02,OR,94587092,,,,OR SOS UCC
Possible,HAGEN LAW OFFICE LLC,,,,,,"8555 SOUTHWEST APPLE WAY, SUITE 300",Portland,OR,97225,"C T CORPORATION SYSTEM, AS REPRESENTATIVE",filing agent only (possible MCA),2026-09-25,OR,94606101,,,,OR SOS UCC
Possible,HALCYON EQUESTRIAN LLC,,,,,,231 BEACH ST,Litchfield,CT,06759,"FIRST CORPORATE SOLUTIONS, AS REPRESENTATIVE",filing agent only (possible MCA),2026-09-25,CT,0005411425,,,,CT SOTS UCC
Possible,HAMILTON EXCAVATING,,,,,,5975 NE 41ST ST,Redmond,OR,97756,"C T CORPORATION SYSTEM, AS REPRESENTATIVE",filing agent only (possible MCA),2026-09-24,OR,94601942,HAMILTON EXCAVATING. LLC,,,OR SOS UCC
Possible,HAOLE FOODS LLC,,,,,,19267 SOUTHWEST MARTINAZZI AVENUE,Tualatin,OR,97062,"FIRST CORPORATE SOLUTIONS, AS REPRESENTATIVE",filing agent only (possible MCA),2026-09-27,OR,94606961,,,,OR SOS UCC
Possible,HEATHER BLU SESSIONS,,,,,,,10831 William Pass Lanecypress,TX,77433,"CORPORATION SERVICE COMPANY, AS REPRESENTATIVE",filing agent only (possible MCA),2026-09-29,RI,202634784080,HEATHER  SESSIONS,,,RI DOS UCC
Possible,HEAVENLY TRANSPORT LLC,,,,,"HENDRICKSON, DAVID",4091 BARTLETT DR,Hood River,OR,97031,"MIDDESK, INC. AS REPRESENTATIVE",filing agent only (possible MCA),2026-09-28,OR,94607853,,,,OR SOS UCC
Possible,HIGH CALIBER HOME INSPECTION LLC,,,,,,"4011 BLANCHET AVE NE, SAINT PAUL, OR 97137",Saint Paul,OR,97137,"CORPORATION SERVICE COMPANY, AS REPRESENTATIVE",filing agent only (possible MCA),2026-09-28,OR,94607000,TNA VENTURES LLC; TNA MILLWORK LLC.; RCS INVESTMENTS LLC; TAAO WOOD WORKING LLC; PEAK EXTERIORS LLC; ARMORCRAFT NW LLC; HIGH CALIBER FISHING LLC; PEAK HOLDINGS LLC; CABINET REDEMPTION LLC; TAAO INVESTMENTS LLC; WILD PEAK LLC,,,OR SOS UCC
Possible,HIGH CALIBER UTILITY LLC,,,,,,15997 SE 135TH AVE,Clackamas,OR,97015,"CORPORATION SERVICE COMPANY, AS REPRESENTATIVE",filing agent only (possible MCA),2026-09-09,OR,94590197,,,,OR SOS UCC
Possible,"HIGHER STANDARDS ACADEMY, LLC",,,,,,10345 NE CLACKAMAS,Portland,OR,97220,"CORPORATION SERVICE COMPANY, AS REPRESENTATIVE",filing agent only (possible MCA),2026-09-03,OR,94587958,,,,OR SOS UCC
Possible,HLS Logistics LLc,,,,,Hector Sanchez,24 Victoria Rd,Manchester,CT,06040,"Middesk, Inc. as Representative",filing agent only (possible MCA),2026-10-02,CT,0005413065,,,,CT SOTS UCC
Possible,HOT HAULING LLC,,,,,"ENCISO RIVERA, CESAR RAUL JOB",439 BRINK AVENUE SOUTHEAST,Salem,OR,97317,"FIRST CORPORATE SOLUTIONS, AS REPRESENTATIVE",filing agent only (possible MCA),2026-09-30,OR,94610321,,,,OR SOS UCC
Possible,IDANIA M SALAZAR HIDALGO201 WEBSTER AVENUEPROVIDENCE RI 02909,,,,,,,,,,"CORPORATION SERVICE COMPANY, AS REPRESENTATIVE",filing agent only (possible MCA),2026-09-29,RI,202634782770,IDANIA M SALAZAR HIDALGO,,,RI DOS UCC
Possible,"IMAGE3D, LLC",,,,,,4211 SOUTHEAST INTERNATIONAL WAY,Milwaukie,OR,97222,"CORPORATION SERVICE COMPANY, AS REPRESENTATIVE",filing agent only (possible MCA),2026-09-29,OR,94608601,,,,OR SOS UCC
Possible,IMAGINATION LLC,,,,,"FARBOD, FARID",6221 N LOMBARD ST,Portland,OR,97203,"C T CORPORATION SYSTEM, AS REPRESENTATIVE",filing agent only (possible MCA),2026-09-22,OR,94599818,,,,OR SOS UCC
Possible,J SERRANO TRUCKING LLC,,,,,"SERRANO, JOSE EFREN",3205 LAVERNE AVE,Klamath Falls,OR,97603,"CORPORATION SERVICE COMPANY, AS REPRESENTATIVE",filing agent only (possible MCA),2026-09-21,OR,94598286,,,,OR SOS UCC
Possible,J&C BARBECUE & GRILL LLC,,,,,,28636 RIDGEWAY ROAD,Sweet Home,OR,97386,"C T CORPORATION SYSTEM, AS REPRESENTATIVE",filing agent only (possible MCA),2026-09-24,OR,94602283,BURGERS 101 LLC,,,OR SOS UCC
Possible,J&W SEBASTIAN HAIR NAIL & SPA SALON 2 LLC,,,,,Jose Arias,78 Lake Avenue C,Danbury,CT,06810,"Corporation Service Company, As Representative",filing agent only (possible MCA),2026-09-25,CT,0005411573,,,,CT SOTS UCC
Possible,J.E.C. TRUCKING LLC,,,,,"COMBS, ERIN WOLFF; COMBS, JARRED",310 SE EDWARDS DR,Dundee,OR,97115,"FIRST CORPORATE SOLUTIONS, AS REPRESENTATIVE",filing agent only (possible MCA),2026-09-16,OR,94596224,J E C TRUCKING LLC,,,OR SOS UCC
Possible,J.X.M. TRUCKING LLC,,,,,,4668 CLEVELAND AVE,Klamath Falls,OR,97601,"FIRST CORPORATE SOLUTIONS, AS REPRESENTATIVE",filing agent only (possible MCA),2026-09-24,OR,94604036,,,,OR SOS UCC
Possible,JC&H LOGITICS LLC,,,,,"FERNANDEZ BARAJAS, HOMERO; GONZALEZ, FLOR",17662 SW SEPTEMBER LN,Beaverton,OR,97003,"MIDDESK, INC. AS REPRESENTATIVE",filing agent only (possible MCA),2026-09-09,OR,94591387,,,,OR SOS UCC
Possible,"JMBH HOLDINGS, LLC",,,,,,3 Enterprise DriveSuite 112,Shelton,CT,06484,"Corporation Service Company, As Representative",filing agent only (possible MCA),2026-09-28,CT,0005411689,"Capital Partner Group, LLC; Hogan Investments Limited",,,CT SOTS UCC
Possible,JSS TRUCKING LLC,,,,,,44 BRITTANY FARMS RD APT K211,New Britain,CT,06053,"FIRST CORPORATE SOLUTIONS, AS REPRESENTATIVE",filing agent only (possible MCA),2026-09-29,CT,0005411953,,,,CT SOTS UCC
Possible,JZ TRANSPORT LLC71 1ST AVE # 1WOONSOCKET RI 02895,,,,,,,,,,"FIRST CORPORATE SOLUTIONS, AS REPRESENTATIVE",filing agent only (possible MCA),2026-09-28,RI,202634771080,,,,RI DOS UCC
Possible,K&G LANDSCAPE MAINTENANCE LLC,,,,,,14741 SE GARLAND LN,Portland,OR,97267,"CORPORATION SERVICE COMPANY, AS REPRESENTATIVE",filing agent only (possible MCA),2026-09-29,OR,94608707,,,,OR SOS UCC
Possible,KINDRED ADULT FOSTER HOME INC,,,,,,13996 SE SIEBEN PARK WAY,Clackamas,OR,97015,"CORPORATION SERVICE COMPANY, AS REPRESENTATIVE",filing agent only (possible MCA),2026-09-01,OR,94586282,,,,OR SOS UCC
Possible,KINGSLEY CONSTRUCTION LLC,,,,,,4469 CALUMAT WAY,Eugene,OR,97404,"CORPORATION SERVICE COMPANY, AS REPRESENTATIVE",filing agent only (possible MCA),2026-09-09,OR,94590320,,,,OR SOS UCC
Possible,KTI TRADING LLC,,,,,,310 North Street,Windsor Locks,CT,06096,"Corporation Service Company, as Representative",filing agent only (possible MCA),2026-09-29,CT,0005412181,,,,CT SOTS UCC
Possible,LACES VENDING SOLUTIONS LLC,,,,,,4987 NADINE DR SE,Salem,OR,97302,"CORPORATION SERVICE COMPANY, AS REPRESENTATIVE",filing agent only (possible MCA),2026-09-23,OR,94600327,,,,OR SOS UCC
Possible,"LAUREN HATMAKER, LLC",,,,,,722 COUNTRY CLUB RD,Eugene,OR,97401,"VERITY LEGAL SERVICES, PLLC, AS REPRESENTATIVE",filing agent only (possible MCA),2026-09-29,OR,94608409,,,,OR SOS UCC
Possible,LAVA ROAD LLC,,,,,,2405 SE UMATILLA ST APT 39,Portland,OR,97202,"FIRST CORPORATE SOLUTIONS, AS REPRESENTATIVE",filing agent only (possible MCA),2026-09-16,OR,94596128,,,,OR SOS UCC
Possible,LENNIS TRANSPORT & LOGISTICS LLC,,,,,"HERNANDEZ LENIS, LUIS MIGUEL",16823 N WATERFORD WAY,Nampa,ID,83687,"CORPORATION SERVICE COMPANY, AS REPRESENTATIVE",filing agent only (possible MCA),2026-09-18,OR,94597356,,,,OR SOS UCC
Possible,"LIBERTY TREE ENTERPRISES ""LLC""",,,,,,1313 CROW ROAD,Merlin,OR,97532,"C T CORPORATION SYSTEM, AS REPRESENTATIVE",filing agent only (possible MCA),2026-09-23,OR,94600492,,,,OR SOS UCC
Possible,LIENZO LLC,,,,,,81 S MAIN ST,Farmington,CT,06085,"CORPORATION SERVICE COMPANY, AS REPRESENTATIVE",filing agent only (possible MCA),2026-09-30,CT,0005412606,,,,CT SOTS UCC
Possible,LIGHT RESIDENTIAL SERVICE LLC,,,,,,16730 BUCKINGHAM DR,Gladstone,OR,97027,"C T CORPORATION SYSTEM, AS REPRESENTATIVE",filing agent only (possible MCA),2026-09-07,OR,94589489,,,,OR SOS UCC
Possible,"LISAS SERENITY, LLC",,,,,,629 Ridge Rd,Middletown,CT,06457,"VERITY LEGAL SERVICES, PLLC, as Representative",filing agent only (possible MCA),2026-09-30,CT,0005412437,,,,CT SOTS UCC
Possible,LOS TRES CARDENAS LLC,,,,,Blanca Viverosbotello; JOSE CARDENAS-MORALES,196 Southridge Drive,Willimantic,CT,06226,"C T Corporation System, as representative",filing agent only (possible MCA),2026-09-25,CT,0005411519,,,,CT SOTS UCC
Possible,"Lussier Real Estate, LLC",,,,,,105 Cherry Hill Rd,Branford,CT,06405,"Corporation Service Company, As Representative",filing agent only (possible MCA),2026-09-25,CT,0005411469,,,,CT SOTS UCC
Possible,MASTER I FLASH & KEYS LLC,,,,,,3255 FISHER ROAD NORTHEAST,Salem,OR,97305,"CORPORATION SERVICE COMPANY, AS REPRESENTATIVE",filing agent only (possible MCA),2026-09-01,OR,94585718,,,,OR SOS UCC
Possible,MAXIMAL ENTERPRISES LLC,,,,,EDGAR HENRY,160 MIDDLEFIELD ST,Hartford,CT,06114,"FIRST CORPORATE SOLUTIONS, AS REPRESENTATIVE",filing agent only (possible MCA),2026-10-02,CT,0005413088,,,,CT SOTS UCC
Possible,MC FLEET LLC,,,,,"MARTINEZ, GENESIS; MARTINEZ, SARAI",5940 NORTHEAST CULLY BOULEVARD,Portland,OR,97218,"FIRST CORPORATE SOLUTIONS, AS REPRESENTATIVE",filing agent only (possible MCA),2026-09-09,OR,94590919,,,,OR SOS UCC
Possible,MG TRANSPORT LLC,,,,,,257 FEDERAL ST,Bridgeport,CT,06606,"FIRST CORPORATE SOLUTIONS, AS REPRESENTATIVE",filing agent only (possible MCA),2026-09-30,CT,0005412492,,,,CT SOTS UCC
Possible,MIDDLE MOUNTAIN TAX LLC,,,http://www.middlemtntax.com,overture,,415 SHERMAN AVE,Hood River,OR,97031,"C T CORPORATION SYSTEM, AS REPRESENTATIVE",filing agent only (possible MCA),2026-09-22,OR,94599527,MIDDLE MOUNTAIN TAX,,,OR SOS UCC
Possible,"MITCO INVESTMENTS, LLC",,,,,,106 E MAIN ST,Hermiston,OR,97838,"CORPORATION SERVICE COMPANY, AS REPRESENTATIVE",filing agent only (possible MCA),2026-09-04,OR,94588686,,,,OR SOS UCC
Possible,"MORE POWER COMPUTERS, INC.",,,,,,9217 NW GERMANTOWN RD,Portland,OR,97231,"C T CORPORATION SYSTEM, AS REPRESENTATIVE",filing agent only (possible MCA),2026-09-30,OR,94609579,"MORE POWER TECHNOLOGY GROUP; MORE POWER COMPUTERS, INC.; MORE POWER TECHNOLOGY GROUP",,,OR SOS UCC
Possible,MORRIS GLASS & CONSTRUCTION LLC,,,,,,40058 U.S. 30,Storia,OR,97103,"C T CORPORATION SYSTEM, AS REPRESENTATIVE",filing agent only (possible MCA),2026-09-20,OR,94598231,,,,OR SOS UCC
Possible,MOSAICO CUISINE LLC,,,https://mosaicocuisine.froogleorders.com,overture,,53 QUINNIPIAC AVE,North Haven,CT,06473,"Corporation Service Company, as Representative",filing agent only (possible MCA),2026-10-01,CT,0005412773,,,,CT SOTS UCC
Possible,MUSE NAIL SPA INC,,,,,JUN CHEN,436 WESTPORT AVE,Norwalk,CT,06851,"C T Corporation System, as representative",filing agent only (possible MCA),2026-09-29,CT,0005412085,,,,CT SOTS UCC
Possible,"MY HOME CARE, LLC500 BROAD STCENTRAL FALLS RI 02863",,,,,,,,,,"CORPORATION SERVICE COMPANY, AS REPRESENTATIVE",filing agent only (possible MCA),2026-09-28,RI,202634780370,,,,RI DOS UCC
Possible,NANDI PETROLEUM LLC,,,,,,4515 PACIFIC HWY,Hubbard,OR,97032,"C T CORPORATION SYSTEM, AS REPRESENTATIVE",filing agent only (possible MCA),2026-09-24,OR,94602132,,,,OR SOS UCC
Possible,NEUPATHWAY LLC,,,,,,12725 SOUTHWEST MILLIKAN WAY,Beaverton,OR,97005,"CSC, AS REPRESENTATIVE",filing agent only (possible MCA),2026-09-10,OR,94591616,,,,OR SOS UCC
Possible,NEXT STEP STRATEGIES INC,,,,,"WILKINSON, ANN MARIE",8909 SE TOLBERT ST,Clackamas,OR,97015,"C T CORPORATION SYSTEM, AS REPRESENTATIVE",filing agent only (possible MCA),2026-09-15,OR,94595212,"WEBUILT, LLC; WEBUILT WEBSTER LLC; WEBUILT CLARA LLC",,,OR SOS UCC
Possible,NICHOLLS CONCRETE LLC,,,,,"NICHOLLS, ROBERT GEORGE",1601 3RD ST,Umatilla,OR,97882,"FIRST CORPORATE SOLUTIONS, AS REPRESENTATIVE",filing agent only (possible MCA),2026-09-20,OR,94598224,,,,OR SOS UCC
Possible,NILE LOGISTICS LLC,,,,,"GAEED, KARIM","13110 SE STARK ST, APT 10",Portland,OR,97233,"MIDDESK, INC. AS REPRESENTATIVE",filing agent only (possible MCA),2026-09-10,OR,94592553,,,,OR SOS UCC
Possible,"NORTH ATLANTIC TRANSPORTATION, LLC",,,,,,2881 NE KELLY PL,Gresham,OR,97030,"FIRST CORPORATE SOLUTIONS, AS REPRESENTATIVE",filing agent only (possible MCA),2026-09-30,OR,94610307,NORTH ATLANTIC TRANSPORTATION LLC,,,OR SOS UCC
Possible,NTW At Home LLC,,,,,,"313 Meriden Rd, 2nd FL",Waterbury,CT,06705,"C T Corporation System, as representative",filing agent only (possible MCA),2026-09-30,CT,0005412499,,,,CT SOTS UCC
Possible,OBN MOTORS,,,,,,"2654 LA JOLLA BLVD, TX",Grand Prairie,TX,75054,"C T CORPORATION SYSTEM, AS REPRESENTATIVE",filing agent only (possible MCA),2026-09-14,OR,94594142,OBN ENTERPRISE SOLUTION LLC,,,OR SOS UCC
Possible,"OREGON DIRECTIONS, LLC",,,https://oregondirectionscounseling.com,overture,,1705 CENTENNIAL BLVD STE 1,Springfield,OR,97477,"CORPORATION SERVICE COMPANY, AS REPRESENTATIVE",filing agent only (possible MCA),2026-09-24,OR,94601884,,,,OR SOS UCC
Possible,"OREGON INTERIORS, INC.",,,https://oregoninteriorsinc.com/,overture,"ENSLEY, AARON",11779 SE HWY 212 SUITE 212,Clackamas,OR,97015,"CORPORATION SERVICE COMPANY, AS REPRESENTATIVE",filing agent only (possible MCA),2026-09-17,OR,94596837,,,,OR SOS UCC
Possible,ORMSBY TRANSIT LLC,,,,,,11022 SW 74TH AVE,Tigard,AL,97223,"C T CORPORATION SYSTEM, AS REPRESENTATIVE",filing agent only (possible MCA),2026-09-23,OR,94600478,,,,OR SOS UCC
Possible,PARKER TRUCKING LLC,,,,,KATHLEEN PARKER,64 Lewelyn Road,Stamford,CT,06902,"C T Corporation System, as representative",filing agent only (possible MCA),2026-09-30,CT,0005412432,,,,CT SOTS UCC
Possible,"PDX REDEVELOPMENT, LLC",,,,,,PO BOX 25,Sherwood,OR,97140,"CORPORATION SERVICE COMPANY, AS REPRESENTATIVE",filing agent only (possible MCA),2026-09-28,OR,94606992,,,,OR SOS UCC
Possible,PEARL MOVERS,,,,,"PEARL, ITAI",7911 NORTHEAST 33RD DRIVE,Portland,OR,97211,"C T CORPORATION SYSTEM, AS REPRESENTATIVE",filing agent only (possible MCA),2026-09-14,OR,94593969,ITAI PEARL INC; PEARL MOVING AND LABOR SERVICES LLC; COMPREHENSIVE HOME SOLUTIONS,,,OR SOS UCC
Possible,PERKINS LLC,,,,,,2960 NE LAFAYETTE AVE,Mcminnville,OR,97128,"VERITY LEGAL SERVICES, PLLC, AS REPRESENTATIVE",filing agent only (possible MCA),2026-09-14,OR,94594457,,,,OR SOS UCC
Possible,"PILLAR PLAN FINANCIAL, LLC",,,http://www.pillarplanfinancial.com/,overture,,680 S MAIN ST STE 204,Cheshire,CT,06410,"CORPORATION SERVICE COMPANY, AS REPRESENTATIVE",filing agent only (possible MCA),2026-09-28,CT,0005411698,,,,CT SOTS UCC
Possible,PROPERTY SOLUTION SERVICES LLC,,,,,,1018 E E ST,Rainier,OR,97048,"CORPORATION SERVICE COMPANY, AS REPRESENTATIVE",filing agent only (possible MCA),2026-09-24,OR,94602012,,,,OR SOS UCC
Possible,"QMG2 , LLC",,,,,,1918 BLACK ROCK TPKE,Fairfield,CT,06825,"Corporation Service Company, as Representative",filing agent only (possible MCA),2026-09-29,CT,0005412175,,,,CT SOTS UCC
Possible,"QMG4, LLC",,,,,,4200 MAIN ST,Bridgeport,CT,06606,"Corporation Service Company, as Representative",filing agent only (possible MCA),2026-09-29,CT,0005412170,,,,CT SOTS UCC
Possible,QUISQUEYA MULTISERVICIOS LLC,,,,,,12304 SE POWELL BLVD,Portland,OR,97236,"CORPORATION SERVICE COMPANY, AS REPRESENTATIVE",filing agent only (possible MCA),2026-09-10,OR,94591654,,,,OR SOS UCC
Possible,R&I J SERVICES LIMITED LIABILITY COMPANY700 NARRAGANSETT PARK DR STE 100PAWTUCKET RI 02861,,,,,,,,,,"C T CORPORATION SYSTEM, AS REPRESENTATIVE",filing agent only (possible MCA),2026-10-02,RI,202634809350,,,,RI DOS UCC
Possible,RAMS SPECIALIZED SECURITY SERVICE INC,,,,,,10445 SW CANYON ROAD 103,Beaverton,OR,97005,"CORPORATION SERVICE COMPANY, AS REPRESENTATIVE",filing agent only (possible MCA),2026-09-15,OR,94595356,,,,OR SOS UCC
Possible,RC LOGISTICS INC,,,,,,521 SE 205TH AVE,Gresham,OR,97030,"FIRST CORPORATE SOLUTIONS, AS REPRESENTATIVE",filing agent only (possible MCA),2026-09-15,OR,94595407,,,,OR SOS UCC
Possible,RED ROCKET HOBBIES INC,,,https://www.redrockethobbies.com,overture,"CROSS, MATTHEW D",2811 BROADMORE 203,Klamath Falls,OR,97603,"CORPORATION SERVICE COMPANY, AS REPRESENTATIVE",filing agent only (possible MCA),2026-09-16,OR,94595894,,,,OR SOS UCC
Possible,"Reliable Paving, LLC.",,,http://reliablepavingllc.com/,overture,,828 Connecticut 32,Franklin,CT,06254,"C T Corporation System, as representative",filing agent only (possible MCA),2026-09-28,CT,0005411882,,,,CT SOTS UCC
Possible,"RICHARD PHILLIPS MARINE, INC",,,,,,P.O. BOX 175,Boring,OR,97009,"FIRST CORPORATE SOLUTIONS, AS REPRESENTATIVE",filing agent only (possible MCA),2026-09-11,OR,94592957,"RICHARD PHILLIPS MARINE, INC; RICHARD PHILLIPS MARINE, INC.",,,OR SOS UCC
Possible,Rockworth LLC,,,,,,432 Courtland Ave,Park Ridge,IL,60068,"Middesk, Inc. as Representative",filing agent only (possible MCA),2026-09-30,CT,0005412470,,,,CT SOTS UCC
Possible,ROGUE CONCRETE & EXCAVATION LLC,,,,,,8328 BARBUR,White City,OR,97503,"C T CORPORATION SYSTEM, AS REPRESENTATIVE",filing agent only (possible MCA),2026-09-25,OR,94606163,,,,OR SOS UCC
Possible,RON DAVIS TRUCKING,,,,,"DAVIS, RONALD JOHN",5870 WINTER AVENUE,Klamath Falls,OR,97603,"FIRST CORPORATE SOLUTIONS, AS REPRESENTATIVE",filing agent only (possible MCA),2026-09-23,OR,94600409,,,,OR SOS UCC
Possible,ROSE CITY FREIGHT SOLUTIONS LLC,,,,,"GREER, RICHARD; SANDERS, VICTOR",5633 NE CHURCH ST,Portland,OR,97218,"MIDDESK, INC. AS REPRESENTATIVE",filing agent only (possible MCA),2026-09-09,OR,94591407,,,,OR SOS UCC
Possible,"SAFE TRANSPORTATION, INC.",,,https://safetransportationservices.com,overture,,8443 NORTH KERBY AVENUE,Portland,OR,97217,"CSC, AS REPRESENTATIVE",filing agent only (possible MCA),2026-09-22,OR,94599370,,,,OR SOS UCC
Possible,SALEM TRUCK RENTAL LLC,,,,,"GUERRA, VICTOR",5441 S MACADAM EVE,Portland,OR,97239,"C T CORPORATION SYSTEM, AS REPRESENTATIVE",filing agent only (possible MCA),2026-09-04,OR,94588693,SALEM TRUCK RENTAL LLC; SALEM TRUCK RENTAL; SALEM TRUCK RENTAL; SALEM TRUCK RENTAL LLC; SALEM TRUCK RENTAL,,,OR SOS UCC
Possible,Salomon trucking,,,,,Salomon Benitez; Salomon Benitez; Salomon Benitez; Salomon Benitez,45 Leighton Dr,Stratford,CT,06614,"C T Corporation System, as representative",filing agent only (possible MCA),2026-10-02,CT,0005413038,Salomon trucking LLC,,,CT SOTS UCC
Possible,SALOMON TRUCKING LLC,,,,,,45 LEIGHTON DR,Stratford,CT,06614,"FIRST CORPORATE SOLUTIONS, AS REPRESENTATIVE",filing agent only (possible MCA),2026-09-29,CT,0005411993,,,,CT SOTS UCC
Possible,SANS PEUR DELIVERY LLC,,,,,,89786 SEALES ROAD,Warrenton,OR,97146,"CORPORATION SERVICE COMPANY, AS REPRESENTATIVE",filing agent only (possible MCA),2026-09-30,OR,94609531,,,,OR SOS UCC
Possible,"SAVERS ENTERPRISES, INC.100 CREST DRCRANSTON RI 02921",,,,,,,,,,"CORPORATION SERVICE COMPANY, AS REPRESENTATIVE",filing agent only (possible MCA),2026-09-25,RI,202634759510,,,,RI DOS UCC
Possible,SENTEXT SOLUTIONS LLC,,,,,,612 WHEELERS FARMS ROAD STE 3A,Milford,CT,06461,"CORPORATION SERVICE COMPANY, AS REPRESENTATIVE",filing agent only (possible MCA),2026-10-02,CT,0005412971,,,,CT SOTS UCC
Possible,SHANE STEVEN KNIGHT,,,,,,,11115 Roundtable Drtomball,TX,77375,"CORPORATION SERVICE COMPANY, AS REPRESENTATIVE",filing agent only (possible MCA),2026-09-29,RI,202634783920,SHANE  KNIGHT,,,RI DOS UCC
Possible,"SHERPA DESIGN, INC.",,,,,,224 SE 2ND AVE,Portland,OR,97214,"VERITY LEGAL SERVICES, PLLC, AS REPRESENTATIVE",filing agent only (possible MCA),2026-09-21,OR,94598697,,,,OR SOS UCC
Possible,"SOCIAL OVERNIGHT, LLC",,,,,"GRIFFIS, JEFFERY TATE",5592 EAST LA PALMA AVENUE,Anaheim,CA,92807,"CT CORPORATION, AS REPRESENTATIVE",filing agent only (possible MCA),2026-09-24,OR,94603411,"THE GRIFFIS GROUP INC.; INTEGRITY LOGISTICS, LLC; INLOG FREIGHT CORPORATION; GS TECHNOLOGY INNOVATIONS, LLC; INLOG, INC.; INLOG FREIGHT CORPORATION; INLOG FREIGHT CORPORATION",,,OR SOS UCC
Possible,STEVEN DUANE KNIGHT,,,,,,,2 Highclere Park Drspring,TX,77379,"CORPORATION SERVICE COMPANY, AS REPRESENTATIVE",filing agent only (possible MCA),2026-09-29,RI,202634784170,STEVEN  KNIGHT,,,RI DOS UCC
Possible,"STEVEN TOLIN ENTERPRISES, LLC",,,,,,208 SEYMOUR AVENUE,Derby,CT,06418,"C T CORPORATION SYSTEM, AS REPRESENTATIVE",filing agent only (possible MCA),2026-09-25,CT,0005411520,Group Seven Automotive LLC,,,CT SOTS UCC
Possible,STOEL RIVES LLP,,,https://www.stoel.com/,overture,,760 SW NINTH AVENUE SUITE 3000,Portland,OR,97205,"C T CORPORATION SYSTEM, AS REPRESENTATIVE",filing agent only (possible MCA),2026-09-24,OR,94602207,,,,OR SOS UCC
Possible,SUCH ENTERPRISES LLC,,,,,,2868 MARTINIQUE AVE,Eugene,OR,97408,"C T CORPORATION SYSTEM, AS REPRESENTATIVE",filing agent only (possible MCA),2026-09-04,OR,94588504,FALLING SKY BREWING; SUCH ENTERPRISES LLC; FALLING SKY BREWING,,,OR SOS UCC
Possible,SUNSET SERENITY CARE HOME LLC,,,,,,4286 CAMELLIA DR S,Salem,OR,97302,"CORPORATION SERVICE COMPANY, AS REPRESENTATIVE",filing agent only (possible MCA),2026-09-01,OR,94585732,,,,OR SOS UCC
Possible,TALARIA TRUCKING LLC,,,,,"REICH, RYAN",582 BLUE MOON DR,Central Point,OR,97502,"MIDDESK, INC. AS REPRESENTATIVE",filing agent only (possible MCA),2026-09-14,OR,94594635,,,,OR SOS UCC
Possible,TAYLOR DRILLING INC,,,,,,6485 SOUTH HIGHWAY 97,Redmond,OR,97756,"C T CORPORATION SYSTEM, AS REPRESENTATIVE",filing agent only (possible MCA),2026-09-17,OR,94597058,,,,OR SOS UCC
Possible,TELEPORT TRANSPORT LLC,,,,,,19195 SE YAMHILL ST APT 3,Portland,OR,97233,"FIRST CORPORATE SOLUTIONS, AS REPRESENTATIVE",filing agent only (possible MCA),2026-09-16,OR,94596091,,,,OR SOS UCC
Possible,THE CHARLESTON AGENCY LLC,,,,,,729 MOLALLA AVE STE 3,Oregon City,OR,97045,"CORPORATION SERVICE COMPANY, AS REPRESENTATIVE",filing agent only (possible MCA),2026-09-15,OR,94594851,,,,OR SOS UCC
Possible,THE HEADLINERS CLUB,,,http://www.theheadlinersclub.com/,overture,"ROCHE, SHAWN Z",17880 SW MCEWAN RD,Lake Oswego,OR,97035,"CORPORATION SERVICE COMPANY, AS REPRESENTATIVE",filing agent only (possible MCA),2026-09-28,OR,94607586,"THE HEADLINER'S CLUB, LLC",,,OR SOS UCC
Possible,THOMAS E ONOFRIO,,,,,,340 Gracey Ave,Meriden,CT,06451,"CORPORATION SERVICE COMPANY, AS REPRESENTATIVE",filing agent only (possible MCA),2026-10-02,CT,0005413030,,,,CT SOTS UCC
Possible,"TOWNSEND HOLDINGS, INC.",,,,,,62971 PLATEAU DR 200,Bend,OR,97701,"FIRST CORPORATE SOLUTIONS, AS REPRESENTATIVE",filing agent only (possible MCA),2026-09-30,OR,94610016,,,,OR SOS UCC
Possible,TRADEWIND IRRIGATION LLC,,,,,,400 Middle St Suite E,Bristol,CT,06010,"VERITY LEGAL SERVICES, PLLC, as Representative",filing agent only (possible MCA),2026-10-02,CT,0005413008,,,,CT SOTS UCC
Possible,TRANSFORMATIVE OPTICS CORPORATION,,,,,,"19 NW 5TH AVENUE, STE 203",Portland,OR,97209,"CORPORATION SERVICE COMPANY, AS REPRESENTATIVE",filing agent only (possible MCA),2026-09-23,OR,94600567,,,,OR SOS UCC
Possible,TS TRANSPORT LLC,,,,,,17 SCHOOL ST,Jewett City,CT,06351,"FIRST CORPORATE SOLUTIONS, AS REPRESENTATIVE",filing agent only (possible MCA),2026-10-02,CT,0005413087,,,,CT SOTS UCC
Possible,Uncle Leo'S & Rosny Cafe I LLC,,,,,,17 Danbury Rad,Wilton,CT,06897,"Corporation Service Company, As Representative",filing agent only (possible MCA),2026-09-28,CT,0005411740,,,,CT SOTS UCC
Possible,VANQUISH INVESTMENT GROUP LLC / PACIFIC SERVICE CENTER,,,,,,4030 NE BUFFALO ST,Portland,OR,97238,"CORPORATION SERVICE COMPANY, AS REPRESENTATIVE",filing agent only (possible MCA),2026-09-18,OR,94597490,,,,OR SOS UCC
Possible,Wallace home remodel L.L.C.,,,,,Joseph Wallace,587 Norwich Road,Plainfield,CT,06374,"Corporation Service Company, As Representative",filing agent only (possible MCA),2026-10-01,CT,0005412857,,,,CT SOTS UCC
Possible,WARDS AND SONS LLC,,,,,,241 SW BIRCH ST,Dallas,OR,97338,"C T CORPORATION SYSTEM, AS REPRESENTATIVE",filing agent only (possible MCA),2026-09-16,OR,94595818,,,,OR SOS UCC
Possible,WESTERN FREIGHT LOGISTICS CORP.,,,,,,2215 SE HARRISON ST,Milwaukie,OR,97222,"C T CORPORATION SYSTEM, AS REPRESENTATIVE",filing agent only (possible MCA),2026-09-11,OR,94592971,WESTERN FREIGHT; WESTERN FREIGHT LOGISTICS CORPORATION,,,OR SOS UCC
Possible,WESTERN FREIGHT LOGISTICS CORPORATION,,,,,,2215 SE HARRISON STREET,Milwaukie,OR,97222,"C T CORPORATION SYSTEM, AS REPRESENTATIVE",filing agent only (possible MCA),2026-09-04,OR,94588648,,,,OR SOS UCC
Possible,"WET SPOT WELDING, LLC",,,,,,14967 NORTH BANK RD,Roseburg,OR,97470,"C T CORPORATION SYSTEM, AS REPRESENTATIVE",filing agent only (possible MCA),2026-09-21,OR,94598611,,,,OR SOS UCC
Possible,WINDY WOMAN INC,,,,,,414 SW BAY BLVD,Newport,OR,97365,"MIDDESK, INC. AS REPRESENTATIVE",filing agent only (possible MCA),2026-09-28,OR,94606978,,,,OR SOS UCC
Possible,"YA'LLA TOURS USA, INC.",,,,,,204 SE 78TH AVE.,Portland,OR,97215,"C T CORPORATION SYSTEM, AS REPRESENTATIVE",filing agent only (possible MCA),2026-09-16,OR,94596142,,,,OR SOS UCC
Possible,YULAX LLC,,,,,"TKACHENKO, VITALIY VICKTOROVICH",5749 EVEREST ST SE,Salem,OR,97306,"CORPORATION SERVICE COMPANY, AS REPRESENTATIVE",filing agent only (possible MCA),2026-09-01,OR,94586446,,,,OR SOS UCC
